,date,close,diff,open,high,low,volume
1558,2016-06-15,92800,1300,93900,94000,92800,248917
1557,2016-06-16,91200,1600,93000,93800,90900,347392
1556,2016-06-17,91300,100,91700,92400,90700,253700
1555,2016-06-20,94900,3600,91500,94900,91500,301386
1554,2016-06-21,93800,1100,95200,95700,93600,184809
1550,2016-06-22,94200,400,93300,94700,93300,139412
1549,2016-06-23,93200,1000,93800,94000,92900,186812
1548,2016-06-24,91200,2000,94500,94600,88300,713158
1547,2016-06-27,91600,400,88700,91800,88700,322279
1546,2016-06-28,91200,400,91000,92600,90900,277899
1543,2016-06-29,92200,1000,92200,93300,92200,237550
1542,2016-06-30,93100,900,93100,93700,92700,163504
1541,2016-07-01,94700,1600,93600,95300,93500,280867
1540,2016-07-04,93800,900,95200,95500,93700,190799
1539,2016-07-05,93300,500,93600,94300,92900,187924
1535,2016-07-06,94700,1400,93800,94900,92600,271543
1534,2016-07-07,95000,300,94800,95700,94700,194706
1533,2016-07-08,93700,1300,94000,94300,93400,224800
1532,2016-07-11,95000,1300,94200,95000,93600,184007
1531,2016-07-12,95500,500,95100,95700,95000,248311
1528,2016-07-13,94500,1000,96000,96200,94200,229034
1527,2016-07-14,94800,300,95000,95000,94000,149363
1526,2016-07-15,94300,500,95000,95400,94300,197554
1525,2016-07-18,93200,1100,94300,94500,93100,198412
1524,2016-07-19,93500,300,93000,93900,93000,131218
1520,2016-07-20,93500,0,93600,94600,93300,129539
1519,2016-07-21,92700,800,94100,94300,92700,183072
1518,2016-07-22,92700,0,92700,94100,92700,188337
1517,2016-07-25,92200,500,93100,93200,92100,176203
1516,2016-07-26,91500,700,92600,92600,91400,223967
1513,2016-07-27,91200,300,91200,92300,91100,192058
1512,2016-07-28,91600,400,91400,92000,90700,220576
1511,2016-07-29,90900,700,91500,91600,90900,236131
1510,2016-08-01,91000,100,91500,91600,90600,234983
1509,2016-08-02,91000,0,91000,91300,90800,122894
1505,2016-08-03,93900,2900,90700,94200,90600,416577
1504,2016-08-04,92300,1600,93800,93800,92300,266692
1503,2016-08-05,92100,200,92800,93600,92000,209258
1502,2016-08-08,91500,600,92700,92700,91200,198686
1501,2016-08-09,92900,1400,91900,93000,91600,288342
1498,2016-08-10,92700,200,93400,93400,92600,298220
1497,2016-08-11,91300,1400,93600,94300,91200,459030
1496,2016-08-12,89500,1800,91400,91500,89200,762281
1495,2016-08-16,88600,900,89600,89800,88600,381711
1494,2016-08-17,88000,600,88600,89300,88000,342989
1490,2016-08-18,86700,1300,88000,88500,86600,433201
1489,2016-08-19,84700,2000,86500,86700,84600,602877
1488,2016-08-22,82700,2000,84500,84700,82700,449238
1487,2016-08-23,80500,2200,82000,83900,80200,861917
1486,2016-08-24,82500,2000,81100,83100,80700,696481
1483,2016-08-25,81000,1500,82100,83000,81000,346409
1482,2016-08-26,81000,0,80500,81500,80500,255043
1481,2016-08-29,79300,1700,80800,80900,79300,478825
1480,2016-08-30,80000,700,79500,80800,79400,293565
1479,2016-08-31,81300,1300,80000,81300,79700,342533
1475,2016-09-01,82100,800,81300,82200,80800,334011
1474,2016-09-02,81000,1100,81500,82000,80900,270384
1473,2016-09-05,81000,0,81200,82200,80900,263587
1472,2016-09-06,81200,200,81400,82100,80900,219973
1471,2016-09-07,80000,1200,80600,80700,79600,269047
1468,2016-09-08,81800,1800,80100,81800,80100,296809
1467,2016-09-09,80600,1200,80900,81400,80400,258472
1466,2016-09-12,79900,700,80000,80400,79300,175099
1465,2016-09-13,80500,600,80000,80600,79900,167806
1464,2016-09-19,80500,0,80100,80600,79900,153998
1460,2016-09-20,82200,1700,80700,83500,80600,493052
1459,2016-09-21,82300,100,82000,82500,81200,196029
1458,2016-09-22,84500,2200,83000,84700,82400,371860
1457,2016-09-23,83600,900,84200,84500,83300,265218
1456,2016-09-26,82600,1000,83200,83300,82300,176917
1453,2016-09-27,83600,1000,82400,84100,81900,163326
1452,2016-09-28,82800,800,83400,83600,82400,166639
1451,2016-09-29,82700,100,82700,82900,82000,236280
1450,2016-09-30,81800,900,83300,84200,81700,380670
1449,2016-10-04,81200,600,81700,82700,81200,351455
1445,2016-10-05,85500,4300,82000,85500,81800,728681
1444,2016-10-06,85300,200,85200,86300,84100,388287
1443,2016-10-07,83400,1900,85100,85400,83300,242697
1442,2016-10-10,82600,800,83200,83700,82500,144551
1441,2016-10-11,81500,1100,82700,82900,81500,257663
1438,2016-10-12,80200,1300,81500,81500,79000,534287
1437,2016-10-13,79300,900,80400,80500,79300,203778
1436,2016-10-14,79300,0,79300,79800,79000,148730
1435,2016-10-17,80500,1200,79500,81000,79500,160442
1434,2016-10-18,80800,300,80300,80800,79700,169592
1430,2016-10-19,81700,900,81000,82200,80400,246435
1429,2016-10-20,81000,700,82100,82900,81000,278568
1428,2016-10-21,80600,400,81600,81700,80400,192255
1427,2016-10-24,80700,100,81700,81700,80500,150118
1426,2016-10-25,82300,1600,80300,82700,80300,305185
1423,2016-10-26,80900,1400,82400,82500,80400,189596
1422,2016-10-27,81300,400,80900,81800,80800,123235
1421,2016-10-28,79600,1700,80900,81100,79600,299652
1420,2016-10-31,76400,3200,79600,79900,76400,498234
1419,2016-11-01,74600,1800,75600,76600,74000,388432
1415,2016-11-02,71300,3300,74000,74500,71300,640159
1414,2016-11-03,71400,100,70400,72600,70300,383722
1413,2016-11-04,73200,1800,71200,74000,71200,280780
1412,2016-11-07,73700,500,73200,74200,73100,155971
1411,2016-11-08,74300,600,74300,74500,73800,143280
1408,2016-11-09,71300,3000,74300,74600,69900,529993
1407,2016-11-10,79700,8400,75300,79900,75200,1182920
1406,2016-11-11,77800,1900,79800,79800,76900,433329
1405,2016-11-14,75800,2000,77800,78200,75800,261019
1404,2016-11-15,76000,200,75600,77100,75300,186400
1400,2016-11-16,80300,4300,76500,80500,76500,566246
1399,2016-11-17,81000,700,80600,81100,79500,239572
1398,2016-11-18,80700,300,80600,81800,80000,281422
1397,2016-11-21,79000,1700,80400,80500,78300,186638
1396,2016-11-22,81800,2800,79000,82000,79000,345344
1393,2016-11-23,81900,100,81800,82400,80600,273571
1392,2016-11-24,80700,1200,81700,82000,80400,173751
1391,2016-11-25,81300,600,80700,81600,80300,169643
1390,2016-11-28,79400,1900,81400,81400,79100,213000
1389,2016-11-29,79800,400,79600,81100,79100,193718
1385,2016-11-30,77700,2100,79500,79900,77700,255953
1384,2016-12-01,76700,1000,77300,78700,76700,188500
1383,2016-12-02,75300,1400,76700,77200,75200,189997
1382,2016-12-05,74700,600,74700,76800,74300,192995
1381,2016-12-06,75100,400,75500,76200,74700,133357
1378,2016-12-07,75100,0,74800,75600,74800,115644
1377,2016-12-08,76300,1200,75900,77200,75400,200443
1376,2016-12-09,79400,3100,76300,79400,76000,300441
1375,2016-12-12,79600,200,80000,80600,78700,314933
1374,2016-12-13,79200,400,79600,79800,78400,191517
1370,2016-12-14,78700,500,79900,81000,78700,281848
1369,2016-12-15,78100,600,78700,79300,77300,179990
1368,2016-12-16,77500,600,78300,78400,77400,141183
1367,2016-12-19,78200,700,77700,79300,77700,151456
1366,2016-12-20,76900,1300,78300,79100,76900,175499
1363,2016-12-21,76100,800,77400,77400,76100,207737
1362,2016-12-22,74800,1300,76500,76900,74800,276108
1361,2016-12-23,75000,200,75500,75900,74500,267841
1360,2016-12-26,75100,100,75000,75800,75000,132251
1359,2016-12-27,74800,300,75500,75600,74600,236974
1355,2016-12-28,75500,700,75000,75900,74700,201595
1354,2016-12-29,77000,1500,75700,77000,75300,201605
1353,2017-01-02,76700,300,77400,77600,76600,143140
1352,2017-01-03,80000,3300,77200,80000,77000,445180
1351,2017-01-04,84300,4300,80400,85100,80300,1224395
1348,2017-01-05,84000,300,85000,86000,84000,611713
1347,2017-01-06,83700,300,84400,84500,82200,410880
1346,2017-01-09,82800,900,84200,84500,82500,236036
1345,2017-01-10,82000,800,82600,83500,81500,329302
1344,2017-01-11,83200,1200,82000,83700,81600,270488
1340,2017-01-12,81900,1300,83500,83700,81900,251638
1339,2017-01-13,83900,2000,81900,84400,81600,480932
1338,2017-01-16,82600,1300,84400,84500,82400,204539
1337,2017-01-17,81900,700,82600,83400,81400,229108
1336,2017-01-18,81100,800,82200,82600,80300,185724
1333,2017-01-19,82300,1200,80700,82300,80500,246388
1332,2017-01-20,80400,1900,81800,82200,80300,285281
1331,2017-01-23,79000,1400,80000,80300,78400,338781
1330,2017-01-24,78800,200,79500,79700,78800,179068
1329,2017-01-25,76100,2700,78300,79200,76100,557017
1325,2017-01-26,77100,1000,76200,77700,76200,316390
1324,2017-01-31,77700,600,77200,79300,76900,260779
1323,2017-02-01,78400,700,78200,78900,78000,197510
1322,2017-02-02,77700,700,79100,80000,77600,285670
1321,2017-02-03,78000,300,78000,78500,77500,178240
1318,2017-02-06,77300,700,78100,78500,77000,169147
1317,2017-02-07,78300,1000,77000,79100,77000,173244
1316,2017-02-08,79800,1500,78800,79800,77800,269292
1315,2017-02-09,85400,5600,81700,85700,81300,1550608
1314,2017-02-10,85100,300,85300,86300,84100,792741
1310,2017-02-13,84100,1000,85400,85500,83700,397630
1309,2017-02-14,84900,800,84000,85300,83000,427851
1308,2017-02-15,84900,0,85100,85600,84100,321230
1307,2017-02-16,82400,2500,84600,84800,82200,569723
1306,2017-02-17,84700,2300,82400,85300,82400,563691
1303,2017-02-20,84800,100,84400,85300,83600,294768
1302,2017-02-21,88400,3600,85700,89100,85700,1573781
1301,2017-02-22,89500,1100,88600,90200,88200,1034489
1300,2017-02-23,87900,1600,89100,89500,87600,507957
1299,2017-02-24,88100,200,88500,89600,87600,369669
1295,2017-02-27,85800,2300,87500,87900,85700,330736
1294,2017-02-28,85400,400,86500,86800,84900,444304
1293,2017-03-02,85300,100,86000,86100,84500,354383
1292,2017-03-03,85800,500,85000,86500,84400,396672
1291,2017-03-06,83800,2000,85000,85700,83600,382382
1288,2017-03-07,83700,100,83600,84300,82600,277748
1287,2017-03-08,83000,700,84200,84300,82700,286714
1286,2017-03-09,82800,200,83500,84900,82800,350630
1285,2017-03-10,85300,2500,83500,85800,81600,501305
1284,2017-03-13,84800,500,85400,85500,84000,341028
1280,2017-03-14,83500,1300,84600,84800,82600,625453
1279,2017-03-15,82200,1300,83600,83800,82000,317640
1278,2017-03-16,83800,1600,82900,83800,81500,469582
1277,2017-03-17,84000,200,83800,84100,83200,221183
1276,2017-03-20,84900,900,84700,85200,82500,506090
1273,2017-03-21,86100,1200,85000,86200,84300,515560
1272,2017-03-22,86600,500,85500,86700,84700,476268
1271,2017-03-23,85900,700,86700,86700,85400,310710
1270,2017-03-24,84100,1800,86200,86200,83100,537901
1269,2017-03-27,82900,1200,83400,84200,82800,319059
1265,2017-03-28,83200,300,83300,84000,82400,346230
1264,2017-03-29,83800,600,84000,84100,82900,245176
1263,2017-03-30,82800,1000,84100,84100,82700,230451
1262,2017-03-31,83100,300,83500,83700,82700,179689
1261,2017-04-03,87000,3900,83500,87000,83400,862856
1258,2017-04-04,85700,1300,87500,87600,85700,1954434
1257,2017-04-05,85900,200,86800,88700,85600,1526823
1256,2017-04-06,84500,1400,84500,85000,83300,3843443
1255,2017-04-07,86600,2100,85300,87100,84900,1424420
1254,2017-04-10,84900,1700,87100,87100,84200,819880
1250,2017-04-11,85700,800,84700,86200,84100,750110
1249,2017-04-12,85900,200,85700,86200,85100,465429
1248,2017-04-13,88000,2100,85700,88500,85600,1362238
1247,2017-04-14,88800,800,87800,90200,87500,1146797
1246,2017-04-17,89100,300,90000,90300,88400,747833
1243,2017-04-18,88200,900,89100,89800,88000,539494
1242,2017-04-19,87200,1000,87000,88600,86500,686885
1241,2017-04-20,90800,3600,88900,91100,88200,1559946
1240,2017-04-21,90000,800,91700,91900,89600,860895
1239,2017-04-24,90200,200,90600,91500,89300,609794
1235,2017-04-25,90800,600,90700,90800,89600,512570
1234,2017-04-26,92600,1800,91800,94100,91400,1219425
1233,2017-04-27,91400,1200,93000,93000,91200,487452
1232,2017-04-28,90400,1000,91700,92300,89300,597202
1231,2017-05-02,92600,2200,91500,92800,91000,547726
1228,2017-05-04,94000,1400,93800,94900,93200,641966
1227,2017-05-08,95000,1000,94200,95000,93400,606290
1226,2017-05-10,94000,1000,95800,95800,93600,591255
1225,2017-05-11,95200,1200,95800,96000,94800,742959
1224,2017-05-12,95800,600,95700,95800,94500,456417
1220,2017-05-15,93800,2000,95800,96300,93500,637232
1219,2017-05-16,95200,1400,94500,95400,94100,523113
1218,2017-05-17,95200,0,95500,95600,94200,367716
1217,2017-05-18,95200,0,94000,95500,93800,494101
1216,2017-05-19,98000,2800,95500,98400,95500,864141
1213,2017-05-22,99500,1500,99000,99500,97700,586072
1212,2017-05-23,99000,500,99600,99800,98500,441606
1211,2017-05-24,99500,500,98900,99500,98200,365620
1210,2017-05-25,98600,900,99900,99900,98600,373447
1209,2017-05-26,99700,1100,99200,101000,99100,495326
1205,2017-05-29,99200,500,100200,100200,99100,382156
1204,2017-05-30,98100,1100,99500,99700,98000,452940
1203,2017-05-31,98800,700,98200,99400,98200,543164
1202,2017-06-01,98800,0,99000,99400,98200,268742
1201,2017-06-02,100800,2000,99200,100900,99200,602328
1198,2017-06-05,104500,3700,101500,104600,101200,840185
1197,2017-06-07,108000,3500,105000,108300,104200,1018606
1196,2017-06-08,108500,500,108800,110100,106700,993097
1195,2017-06-09,109800,1300,108500,110000,107900,589751
1194,2017-06-12,105000,4800,107000,107800,103400,1280193
1190,2017-06-13,106900,1900,106200,107500,105500,655263
1189,2017-06-14,106400,500,108100,108400,105000,675374
1188,2017-06-15,105500,900,106700,106900,104800,418961
1187,2017-06-16,102900,2600,105300,105400,102100,945380
1186,2017-06-19,103800,900,102400,104500,102400,395315
1183,2017-06-20,101500,2300,104900,105000,101100,557636
1182,2017-06-21,98800,2700,100200,100300,98000,953598
1181,2017-06-22,98000,800,99800,99900,97100,552636
1180,2017-06-23,101500,3500,97800,101500,97500,540430
1179,2017-06-26,100200,1300,101700,102100,99700,388658
1175,2017-06-27,103800,3600,100700,104400,100400,729641
1174,2017-06-28,100800,3000,102200,103000,100500,418589
1173,2017-06-29,101500,700,102400,102700,100800,254580
1172,2017-06-30,101500,0,100300,103300,100300,322137
1171,2017-07-03,99400,2100,102400,102700,99100,466365
1168,2017-07-04,98300,1100,99900,100500,98000,436397
1167,2017-07-05,102500,4200,98500,102600,98500,596647
1166,2017-07-06,104100,1600,103300,105900,103200,707536
1165,2017-07-07,101600,2500,103500,103700,100200,996796
1164,2017-07-10,102000,0,102500,103500,101000,356174
1160,2017-07-11,100500,1500,102500,102500,99700,352591
1159,2017-07-12,98500,2000,98500,99900,97600,621240
1158,2017-07-13,99900,1400,99200,100500,98500,318819
1157,2017-07-14,99000,900,100500,101500,99000,197097
1156,2017-07-17,100500,1500,99200,101000,99200,211816
1153,2017-07-18,103500,3000,101500,104500,101000,701273
1152,2017-07-19,105000,1500,105000,106000,103500,444737
1151,2017-07-20,105000,0,106000,106500,105000,347492
1150,2017-07-21,108000,3000,105500,108000,105000,595184
1149,2017-07-24,109000,1000,108500,110500,107000,628757
1145,2017-07-25,107500,1500,109500,110000,107000,324849
1144,2017-07-26,105500,2000,108000,108500,104000,467047
1143,2017-07-27,109500,4000,107500,109500,106000,755654
1142,2017-07-28,111000,1500,112500,114000,109500,1687002
1141,2017-07-31,120000,9000,113500,121000,112500,3120156
1138,2017-08-01,118000,2000,121500,124500,117000,2508504
1137,2017-08-02,114500,3500,113500,116500,110500,2152274
1136,2017-08-03,114500,0,116500,117000,112500,1007302
1135,2017-08-04,110500,4000,113500,115500,110000,941027
1134,2017-08-07,110500,0,111000,112500,108000,678083
1130,2017-08-08,111000,500,110500,113500,110500,478659
1129,2017-08-09,108500,2500,111000,111500,107500,623624
1128,2017-08-10,108500,0,110000,111500,107000,790214
1127,2017-08-11,110000,1500,107500,110500,106500,783638
1126,2017-08-14,113000,3000,112500,114000,111000,705373
1123,2017-08-16,114500,1500,114500,115000,113500,545437
1122,2017-08-17,114500,0,115500,116000,113500,359227
1121,2017-08-18,113500,1000,113000,115000,112500,353415
1120,2017-08-21,114000,500,114000,115000,113000,257439
1119,2017-08-22,115500,1500,114500,116500,113000,434151
1115,2017-08-23,115000,500,116500,116500,114500,284841
1114,2017-08-24,116500,1500,115500,118500,115500,494534
1113,2017-08-25,117500,1000,117500,118500,116500,411686
1112,2017-08-28,118000,500,118000,118500,116500,298415
1111,2017-08-29,119000,1000,117000,120000,116500,679797
1108,2017-08-30,122000,3000,122500,125000,122000,1279951
1107,2017-08-31,123000,1000,123000,124500,122000,615126
1106,2017-09-01,122000,1000,123000,123000,120000,509704
1105,2017-09-04,119500,2500,117500,122000,117500,727539
1104,2017-09-05,125500,6000,121500,126000,120500,1049572
1100,2017-09-06,128000,2500,126000,129000,125000,1081421
1099,2017-09-07,127000,1000,128000,129000,126500,635882
1098,2017-09-08,129500,2500,128000,130000,127500,654931
1097,2017-09-11,130500,1000,130000,132000,129500,664143
1096,2017-09-12,130500,0,130500,131000,128500,640335
1093,2017-09-13,127500,3000,130000,130000,127000,972020
1092,2017-09-14,132000,4500,129000,133000,128500,2492580
1091,2017-09-15,135500,3500,132500,136000,131000,1146819
1090,2017-09-18,135500,0,136500,137500,135000,718173
1089,2017-09-19,137000,1500,135000,137000,132000,646410
1085,2017-09-20,142500,5500,138000,144000,138000,1321516
1084,2017-09-21,142000,500,144000,144500,139500,815469
1083,2017-09-22,138500,3500,140000,142500,137000,917817
1082,2017-09-25,138500,0,136000,140500,134000,693111
1081,2017-09-26,141000,2500,138500,141500,138500,548612
1078,2017-09-27,140500,500,141500,142000,139500,457782
1077,2017-09-28,139500,1000,140500,141000,139000,320185
1076,2017-09-29,144000,4500,140500,145000,139500,750550
1075,2017-10-10,149000,5000,147000,149500,145500,837504
1074,2017-10-11,150500,1500,149500,151500,148000,523485
1070,2017-10-12,159500,9000,151500,159500,151000,1304122
1069,2017-10-13,152500,7000,160000,168000,151500,2543079
1068,2017-10-16,156000,3500,150500,157000,146000,1723984
1067,2017-10-17,157500,1500,157000,159000,153000,719696
1066,2017-10-18,148500,9000,156500,156500,147500,1640427
1063,2017-10-19,147000,1500,149000,151500,145000,1065448
1062,2017-10-20,150000,3000,149000,151500,148000,667108
1061,2017-10-23,151000,1000,149000,151500,147500,565904
1060,2017-10-24,150000,1000,151000,153000,150000,467080
1059,2017-10-25,146000,4000,151500,152000,145000,768872
1055,2017-10-26,140000,6000,145500,145500,139000,1893626
1054,2017-10-27,143500,3500,139500,143500,136500,1032642
1053,2017-10-30,142000,1500,144000,146500,140500,652066
1052,2017-10-31,144000,2000,143000,146000,142500,465396
1051,2017-11-01,151000,7000,145000,151500,143000,1022580
1048,2017-11-02,150000,1000,152500,153000,149000,506579
1047,2017-11-03,152500,2500,151000,153000,146500,627354
1046,2017-11-06,153000,500,153500,154000,151500,497572
1045,2017-11-07,154000,1000,153500,155000,152000,482499
1044,2017-11-08,157500,3500,154500,158000,154000,821591
1040,2017-11-09,152500,5000,159500,162500,149500,1633218
1039,2017-11-10,152500,0,151000,156000,150000,737490
1038,2017-11-13,154000,1500,153000,155500,152000,604366
1037,2017-11-14,155000,1000,154000,156000,152500,516918
1036,2017-11-15,154000,1000,155500,156000,153500,491354
1033,2017-11-16,154500,500,154000,155500,152000,420594
1032,2017-11-17,157500,3000,155500,159500,154500,718319
1031,2017-11-20,160000,2500,158500,161000,158000,714306
1030,2017-11-21,161000,1000,161500,166000,160000,1244207
1029,2017-11-22,154500,6500,161000,161500,153000,4520630
1025,2017-11-23,149500,5000,155000,156000,149500,1224919
1024,2017-11-24,148000,1500,150000,153500,146500,1274472
1023,2017-11-27,147500,500,147500,151000,147000,771973
1022,2017-11-28,145500,2000,147500,148000,145000,651234
1021,2017-11-29,145000,500,146000,146500,142000,1022981
1018,2017-11-30,136500,8500,145000,145500,135000,1808464
1017,2017-12-01,140000,3500,136500,141000,136500,867012
1016,2017-12-04,139500,500,140500,143000,138500,481190
1015,2017-12-05,140500,1000,139000,141000,134000,779716
1014,2017-12-06,138000,2500,139500,143000,138000,470275
1010,2017-12-07,135500,2500,138000,139000,133000,813930
1009,2017-12-08,138500,3000,137000,140500,137000,565316
1008,2017-12-11,140000,1500,140500,140500,138000,284302
1007,2017-12-12,141000,1000,139500,143500,138000,445846
1006,2017-12-13,141000,0,141000,142000,138500,283499
1003,2017-12-14,144000,3000,142000,145000,142000,639895
1002,2017-12-15,142500,1500,144500,145000,142000,345053
1001,2017-12-18,134500,8000,138000,139500,133500,1462446
1000,2017-12-19,135500,1000,133500,136500,131500,681961
999,2017-12-20,133500,2000,135000,137500,133500,533044
995,2017-12-21,129000,4500,134000,134000,129000,717635
994,2017-12-22,129500,500,128000,130500,126500,586870
993,2017-12-26,126000,3500,130500,130500,125000,737536
992,2017-12-27,139500,13500,130000,140000,129500,1561744
991,2017-12-28,137000,2500,139500,141500,134500,948214
988,2018-01-02,146500,9500,140000,147000,139500,1345951
987,2018-01-03,149000,2500,150500,151000,145500,1154361
986,2018-01-04,156000,7000,152500,159000,149500,2265019
985,2018-01-05,156000,0,157000,158000,152000,1067202
984,2018-01-08,159500,3500,160500,162500,158000,1577403
980,2018-01-09,157000,2500,158000,160000,154500,1010891
979,2018-01-10,149500,7500,156000,158500,148000,1656798
978,2018-01-11,140500,9000,142000,146500,138000,2474827
977,2018-01-12,140500,0,145500,145500,139000,1377402
976,2018-01-15,145000,4500,141500,147500,141500,1265024
973,2018-01-16,140500,4500,144500,145000,140000,1117873
972,2018-01-17,134000,6500,139000,139000,133000,2415858
971,2018-01-18,135500,1500,134500,138500,134000,1965579
970,2018-01-19,138000,2500,136000,139000,134000,1132433
969,2018-01-22,135500,2500,138000,139000,135000,815041
965,2018-01-23,136500,1000,135500,138000,135000,965243
964,2018-01-24,135000,1500,136500,138000,134500,760888
963,2018-01-25,135000,0,135000,137500,134500,649676
962,2018-01-26,140000,5000,136000,141000,135000,1271640
961,2018-01-29,139000,1000,141000,141500,138500,708612
958,2018-01-30,138500,500,139000,140500,137500,642199
957,2018-01-31,140000,1500,137500,140000,135000,943362
956,2018-02-01,141500,1500,140000,142000,137500,910082
955,2018-02-02,143500,2000,142000,145000,141500,2099421
954,2018-02-05,134500,9000,139500,140000,134500,1624472
950,2018-02-06,131000,3500,126500,131000,125000,2291759
949,2018-02-07,126500,4500,134000,134500,126500,1043100
948,2018-02-08,126500,0,127000,130000,124500,1044087
947,2018-02-09,118000,8500,121500,124500,117000,2074927
946,2018-02-12,118000,0,119000,120000,116500,817489
943,2018-02-13,119000,1000,120000,121000,118500,721603
942,2018-02-14,122500,3500,119500,125000,119000,858572
941,2018-02-19,124000,1500,126000,126000,123000,419351
940,2018-02-20,123000,1000,124000,124500,121500,288935
939,2018-02-21,124500,1500,123500,125500,122000,396493
935,2018-02-22,123500,1000,124500,125000,122000,306321
934,2018-02-23,123500,0,123500,124000,122000,383787
933,2018-02-26,123000,500,124500,124500,122500,303789
932,2018-02-27,131000,8000,124000,131000,124000,1272000
931,2018-02-28,128000,3000,130000,132500,127000,857397
928,2018-03-02,127500,500,126500,128500,124500,474394
927,2018-03-05,123000,4500,127500,128000,123000,417227
926,2018-03-06,132500,9500,126000,134000,126000,1167882
925,2018-03-07,129500,3000,133000,133500,129000,596902
924,2018-03-08,132000,2500,129500,132000,128500,499256
920,2018-03-09,134000,2000,133000,135500,131000,753680
919,2018-03-12,135000,1000,136000,136500,134500,384411
918,2018-03-13,140500,5500,135500,141000,135000,1320091
917,2018-03-14,137000,3500,139500,140000,136000,703764
916,2018-03-15,141500,4500,137500,141500,137000,950867
913,2018-03-16,141000,500,141500,143000,139000,1024727
912,2018-03-19,137500,3500,140000,140500,136000,610095
911,2018-03-20,139000,1500,135500,140000,135000,556447
910,2018-03-21,138000,1000,139000,140000,137500,416757
909,2018-03-22,138000,0,137000,139000,135500,567619
905,2018-03-23,130500,7500,135000,136000,129500,1233587
904,2018-03-26,131000,500,129500,132500,126500,962796
903,2018-03-27,131500,500,134500,134500,131000,451505
902,2018-03-28,129000,2500,129000,130500,128000,462777
901,2018-03-29,129500,500,129500,131000,126500,437532
898,2018-03-30,132000,2500,131500,133500,130000,447866
897,2018-04-02,129000,3000,132500,133500,128500,454496
896,2018-04-03,128500,500,127000,130500,126500,483608
895,2018-04-04,123500,5000,129000,129000,123500,730140
894,2018-04-05,124500,1000,125000,126000,124000,299168
890,2018-04-06,122500,2000,125000,125500,122000,376868
889,2018-04-09,121500,1000,121500,122500,120000,547412
888,2018-04-10,122500,1000,121500,123500,121500,322551
887,2018-04-11,121500,1000,124000,125000,121000,379388
886,2018-04-12,120000,1500,122000,122500,120000,367434
883,2018-04-13,120500,500,120500,122000,119500,368169
882,2018-04-16,117000,3500,120500,120500,116500,815062
881,2018-04-17,118000,1000,117500,120000,117500,399502
880,2018-04-18,119500,1500,120000,121500,118500,495833
879,2018-04-19,116500,3000,119000,119000,116000,648909
875,2018-04-20,115000,1500,116500,117500,113500,650463
874,2018-04-23,111000,4000,114500,114500,111000,669590
873,2018-04-24,115000,4000,112000,115500,111000,473979
872,2018-04-25,115500,500,115500,119000,113500,607008
871,2018-04-26,114000,1500,116500,117500,113500,366727
868,2018-04-27,113500,500,115000,115500,112000,402728
867,2018-04-30,111000,2500,113500,114000,110000,618640
866,2018-05-02,114500,3500,110500,114500,109500,526839
865,2018-05-03,113500,1000,114500,116500,113000,350536
864,2018-05-04,112000,1500,113000,113500,111500,251346
860,2018-05-08,112000,0,112000,113000,110000,331690
859,2018-05-09,113000,1000,111000,113000,110500,332320
858,2018-05-10,117000,4000,113000,118000,111000,840339
857,2018-05-11,117000,0,117500,118000,116000,367532
856,2018-05-14,113000,4000,114500,116000,111000,657566
853,2018-05-15,114500,1500,112000,115000,112000,320939
852,2018-05-16,117000,2500,114500,117000,113500,466027
851,2018-05-17,116500,500,117500,118500,116000,338096
850,2018-05-18,113500,3000,118500,119000,112500,819348
849,2018-05-21,113500,0,113500,114500,112500,176761
845,2018-05-23,112500,1000,113000,114500,112500,285620
844,2018-05-24,113000,500,112000,114000,112000,208135
843,2018-05-25,112000,1000,112000,114000,111500,257170
842,2018-05-28,108000,4000,111000,111500,108000,679442
841,2018-05-29,108000,0,108000,110000,107500,318837
838,2018-05-30,104000,4000,107000,107500,103500,600575
837,2018-05-31,103500,500,104500,106000,103000,470392
836,2018-06-01,104500,1000,103500,107000,103500,452021
835,2018-06-04,108000,3500,104000,108500,104000,432581
834,2018-06-05,111500,3500,108000,112000,107000,477854
830,2018-06-07,111500,0,112000,113500,109000,355080
829,2018-06-08,113000,1500,112000,113500,110500,393243
828,2018-06-11,114000,1000,113000,114500,112000,251178
827,2018-06-12,114000,0,114000,114500,113000,180468
826,2018-06-14,112000,2000,114000,114000,112000,250011
823,2018-06-15,109500,2500,112000,112000,109000,336430
822,2018-06-18,107500,2000,109000,110000,106000,405910
821,2018-06-19,106500,1000,107000,110500,105500,250870
820,2018-06-20,108000,1500,106000,109000,106000,290289
819,2018-06-21,107000,1000,107500,109000,106000,172840
815,2018-06-22,114000,7000,106500,114500,106500,651617
814,2018-06-25,114000,0,114000,114500,112000,345973
813,2018-06-26,112000,2000,112500,113000,111000,250298
812,2018-06-27,111000,1000,112500,113500,110000,311174
811,2018-06-28,111500,500,110000,112500,109000,221308
808,2018-06-29,114500,3000,113000,115500,112000,579530
807,2018-07-02,111500,3000,115500,116500,111500,415693
806,2018-07-03,114000,2500,113500,115000,112500,314988
805,2018-07-04,117000,3000,114500,118000,114000,846154
804,2018-07-05,116500,500,117000,118500,115500,348243
800,2018-07-06,114500,2000,116500,117000,113000,383082
799,2018-07-09,117500,3000,114500,117500,114500,394098
798,2018-07-10,117000,500,117500,118000,116000,222321
797,2018-07-11,116500,500,116000,117000,115000,250313
796,2018-07-12,117500,1000,117000,118000,115500,444272
793,2018-07-13,118000,500,118000,119000,116500,302155
792,2018-07-16,116500,1500,118000,118500,115500,236711
791,2018-07-17,114000,2500,116000,116500,113500,372754
790,2018-07-18,113000,1000,115000,116500,112000,351263
789,2018-07-19,114000,1000,113000,115500,112500,267375
785,2018-07-20,115000,1000,114000,115500,113000,184967
784,2018-07-23,115500,500,115000,117000,113500,346894
783,2018-07-24,117000,1500,115500,118000,115000,502533
782,2018-07-25,118000,1000,117500,118000,116000,310394
781,2018-07-26,117500,500,118000,118500,116000,262125
778,2018-07-27,119500,2000,117500,120000,116500,568921
777,2018-07-30,116500,3000,118500,119000,116000,308410
776,2018-07-31,112500,4000,115000,116000,111500,654749
775,2018-08-01,112500,0,112500,113500,111500,276459
774,2018-08-02,111000,1500,112500,115000,111000,311779
770,2018-08-03,113000,2000,111500,113000,111500,169521
769,2018-08-06,113500,500,113500,114500,112500,189971
768,2018-08-07,120000,6500,114000,120000,113000,742353
767,2018-08-08,119000,1000,122000,124500,118000,1216684
766,2018-08-09,125500,6500,121000,126000,119500,1622449
763,2018-08-10,128000,2500,125500,129500,124000,1269641
762,2018-08-13,124000,4000,126500,127500,122500,636617
761,2018-08-14,127500,3500,125000,128500,123000,518080
760,2018-08-16,127500,0,124500,128000,124000,478674
759,2018-08-17,127000,500,128500,129000,126500,327327
755,2018-08-20,124500,2500,127000,128000,124000,328660
754,2018-08-21,124000,500,125000,126500,124000,353528
753,2018-08-22,124500,500,125500,125500,122500,333939
752,2018-08-23,125500,1000,125000,126000,123500,292057
751,2018-08-24,124000,1500,125000,125000,123000,283256
748,2018-08-27,128000,4000,124000,128000,124000,588666
747,2018-08-28,125500,2500,127000,127500,123500,480764
746,2018-08-29,126500,1000,125000,127500,124000,750163
745,2018-08-30,126500,0,126500,128000,125500,313774
744,2018-08-31,125000,1500,124000,125500,123000,431909
740,2018-09-03,121500,3500,125000,125500,121000,460200
739,2018-09-04,122000,500,121500,123000,120500,268355
738,2018-09-05,121000,1000,122000,123500,121000,215419
737,2018-09-06,120000,1000,121500,122000,119000,299195
736,2018-09-07,120000,0,120000,120500,118500,206174
733,2018-09-10,119000,1000,119000,120500,118500,216152
732,2018-09-11,116500,2500,118500,118500,116000,424870
731,2018-09-12,120000,3500,116500,120500,116500,344739
730,2018-09-13,121000,1000,121000,122000,119500,407528
729,2018-09-14,120000,1000,120500,121000,118500,287642
725,2018-09-17,121500,1500,120500,121500,118000,359811
724,2018-09-18,120500,1000,122000,122500,120000,384132
723,2018-09-19,117000,3500,121000,121000,116500,664304
722,2018-09-20,117500,500,118000,119500,117000,308838
721,2018-09-21,118500,1000,121500,123500,118500,667099
718,2018-09-27,120500,2000,119000,121000,119000,275536
717,2018-09-28,119000,1500,120000,120500,119000,229927
716,2018-10-01,119500,500,120000,123500,119500,368677
715,2018-10-02,115500,4000,120500,121000,114500,615909
714,2018-10-04,112000,3500,114500,115500,111000,603136
710,2018-10-05,109000,3000,110500,111500,108500,479642
709,2018-10-08,107500,1500,107500,110500,107500,187871
708,2018-10-10,104000,3500,106500,108500,104000,516278
707,2018-10-11,98500,5500,100000,102000,98500,957608
706,2018-10-12,101000,2500,98500,102000,97600,537122
703,2018-10-15,99300,1700,101000,102000,99200,219792
702,2018-10-16,100500,1200,99300,101000,99300,183949
701,2018-10-17,100500,0,103000,103000,100000,302780
700,2018-10-18,100500,0,100000,101500,99700,173176
699,2018-10-19,101000,500,100000,102000,99100,268396
695,2018-10-22,102500,1500,101500,104000,100500,208316
694,2018-10-23,100500,2000,102500,103500,100000,194001
693,2018-10-24,99200,1300,101000,101500,98900,312593
692,2018-10-25,94200,5000,97300,97300,92000,1024715
691,2018-10-26,90900,3300,95000,95500,89900,653419
688,2018-10-29,87600,3300,89900,92400,87200,599252
687,2018-10-30,90500,2900,86000,91100,86000,521229
686,2018-10-31,91600,1100,90900,92800,89700,336787
685,2018-11-01,93100,1500,92000,95600,91900,372853
684,2018-11-02,98200,5100,95200,98500,94100,409600
680,2018-11-05,95500,2700,97000,97400,94700,339846
679,2018-11-06,96600,1100,95700,97500,95000,195992
678,2018-11-07,95600,1000,97100,97700,95200,269320
677,2018-11-08,100000,4400,97900,102000,97800,644793
676,2018-11-09,100500,500,100000,102000,98700,292309
673,2018-11-12,101000,500,101000,101500,100000,201208
672,2018-11-13,101500,500,98800,101500,98700,278476
671,2018-11-14,103000,1500,102500,104000,101500,281601
670,2018-11-15,104000,1000,102500,104000,101500,170612
669,2018-11-16,102500,1500,105000,106000,102000,206149
665,2018-11-19,107000,4500,102500,107500,102500,346393
664,2018-11-20,107000,0,106500,107500,105000,234825
663,2018-11-21,107500,500,105000,107500,104500,206018
662,2018-11-22,106500,1000,107000,107500,106000,143409
661,2018-11-23,108000,1500,107000,109500,106000,242633
658,2018-11-26,112500,4500,107500,113000,107500,460406
657,2018-11-27,110500,2000,113000,114000,110000,270808
656,2018-11-28,112000,1500,111500,113000,111000,185906
655,2018-11-29,112000,0,113000,114000,111000,263008
654,2018-11-30,112500,500,112000,113000,111500,346553
650,2018-12-03,113500,1000,114500,115000,112500,262030
649,2018-12-04,113500,0,114000,115000,113000,264857
648,2018-12-05,114500,1000,112000,115000,111500,222316
647,2018-12-06,116000,1500,115000,117500,114500,396531
646,2018-12-07,114500,1500,116500,117000,112000,354995
643,2018-12-10,111000,3500,113000,113500,110000,331087
642,2018-12-11,107000,4000,110000,110500,106500,461496
641,2018-12-12,110000,3000,107000,111000,105500,393740
640,2018-12-13,111500,1500,111500,114500,110500,494887
639,2018-12-14,110000,1500,110500,111500,109000,196803
635,2018-12-17,110500,500,110000,112000,108500,173155
634,2018-12-18,108500,2000,108500,111000,107000,188963
633,2018-12-19,108000,500,108500,109000,106000,218497
632,2018-12-20,103000,5000,107000,107000,101000,579446
631,2018-12-21,104500,1500,102500,104500,101000,429650
628,2018-12-24,101000,3500,104500,104500,100000,320266
627,2018-12-26,98500,2500,99000,100500,98000,492532
626,2018-12-27,101500,3000,100500,102000,100000,217247
625,2018-12-28,103000,1500,101000,104500,101000,190847
624,2019-01-02,102000,1000,103500,105000,101500,173462
620,2019-01-03,102500,500,102500,105500,100500,293989
619,2019-01-04,103500,1000,102000,104000,101500,251728
618,2019-01-07,103000,500,105000,107000,102000,378153
617,2019-01-08,99900,3100,102500,103000,99500,450462
616,2019-01-09,102000,2100,100500,102500,100000,357096
613,2019-01-10,101000,1000,101000,103000,100500,291573
612,2019-01-11,102000,1000,101000,103500,101000,180561
611,2019-01-14,100000,2000,102000,102000,99800,243305
610,2019-01-15,99900,100,100000,102500,99500,381581
609,2019-01-16,100000,100,100500,101000,99800,217209
605,2019-01-17,98500,1500,100000,102000,98500,434803
604,2019-01-18,99600,1100,99000,99900,98900,291588
603,2019-01-21,98800,800,99900,100000,98700,252620
602,2019-01-22,102000,3200,99400,102500,99300,448490
601,2019-01-23,102500,500,101500,103000,100500,360462
598,2019-01-24,102000,500,102500,103500,101000,282408
597,2019-01-25,102500,500,101500,103000,101000,355017
596,2019-01-28,102000,500,103000,104000,101500,275296
595,2019-01-29,102000,0,101500,102000,101000,225138
594,2019-01-30,99900,2100,102000,102500,99500,565397
590,2019-01-31,99300,600,100500,100500,98800,546040
589,2019-02-01,99600,300,99400,100500,99200,388183
588,2019-02-07,99000,600,100000,100000,98700,307297
587,2019-02-08,98200,800,98700,99100,98100,314884
586,2019-02-11,95600,2600,98500,98700,95300,906796
583,2019-02-12,96000,400,95600,96500,93300,599314
582,2019-02-13,98100,2100,96500,98900,95500,519566
581,2019-02-14,100500,2400,97800,101000,96100,849160
580,2019-02-15,101500,1000,101500,103500,100500,653634
579,2019-02-18,102000,500,102500,103000,101000,355745
575,2019-02-19,100000,2000,101500,102000,100000,231131
574,2019-02-20,99700,300,100500,101000,98500,387109
573,2019-02-21,98900,800,99800,101000,98800,328444
572,2019-02-22,99300,400,99500,100500,98800,294247
571,2019-02-25,98300,1000,99400,99800,98100,370483
568,2019-02-26,103500,5200,98400,103500,98400,1238902
567,2019-02-27,105000,1500,104500,105500,103000,551979
566,2019-02-28,103500,1500,105000,106500,103500,733261
565,2019-03-04,108500,5000,105500,109000,105000,853038
564,2019-03-05,106500,2000,108000,108000,105500,472504
560,2019-03-06,105500,1000,107000,108000,104000,298220
559,2019-03-07,104500,1000,105500,107000,103500,330354
558,2019-03-08,107500,3000,109000,109500,106500,792787
557,2019-03-11,106000,1500,108000,108000,104500,276026
556,2019-03-12,103500,2500,106500,107000,103500,380777
553,2019-03-13,104000,500,104000,106500,103500,240466
552,2019-03-14,106500,2500,105000,107500,104500,444051
551,2019-03-15,107500,1000,106500,108500,106500,463768
550,2019-03-18,107500,0,108000,108500,107000,197291
549,2019-03-19,102500,5000,107500,108500,102500,605054
545,2019-03-20,102000,500,103000,103500,100000,492001
544,2019-03-21,102500,500,102000,104000,101500,230173
543,2019-03-22,104000,1500,103000,104500,103000,239614
542,2019-03-25,102000,2000,102000,104000,101500,171747
541,2019-03-26,104000,2000,102500,105500,102000,257452
538,2019-03-27,102500,1500,104500,104500,102000,208707
537,2019-03-28,102500,0,102000,104000,102000,162966
536,2019-03-29,103500,1000,103000,104000,102500,153823
535,2019-04-01,103000,500,103500,104000,102000,216132
534,2019-04-02,103500,500,103500,104000,102000,227338
530,2019-04-03,102500,1000,103000,104000,102000,294101
529,2019-04-04,102500,0,102500,103000,101500,261063
528,2019-04-05,102500,0,102500,103000,102000,132105
527,2019-04-08,102000,500,103000,103500,101500,203479
526,2019-04-09,100500,1500,102000,102000,100000,383038
523,2019-04-10,102500,2000,101000,103000,100500,263334
522,2019-04-11,102500,0,103000,103000,101500,253796
521,2019-04-12,102500,0,102500,102500,101500,162349
520,2019-04-15,110500,8000,104000,110500,103000,1228969
519,2019-04-16,117500,7000,113500,118000,112500,1744272
515,2019-04-17,117500,0,117000,119000,115500,653103
514,2019-04-18,116500,1000,119000,119500,116000,443925
513,2019-04-19,117000,500,117000,119000,115000,329620
512,2019-04-22,118000,1000,118000,120500,117000,457505
511,2019-04-23,116500,1500,118500,119500,116000,259471
508,2019-04-24,118000,1500,117500,118500,115500,443136
507,2019-04-25,116000,2000,117500,118000,115000,292233
506,2019-04-26,115000,1000,115500,117500,113000,366725
505,2019-04-29,119500,4500,115500,119500,114000,512703
504,2019-04-30,120000,500,119000,121000,118500,494890
500,2019-05-02,123000,3000,120000,124500,119500,742545
499,2019-05-03,128000,5000,126000,129000,125500,1098989
498,2019-05-07,127500,500,126000,130000,126000,664716
497,2019-05-08,128500,1000,126500,130000,125500,700167
496,2019-05-09,126500,2000,133500,133500,126500,1352763
493,2019-05-10,130000,3500,128500,131000,127500,1006921
492,2019-05-13,128500,1500,130500,130500,127000,584824
491,2019-05-14,134000,5500,127000,135000,126500,1360661
490,2019-05-15,132000,2000,135500,136000,130000,1241060
489,2019-05-16,133500,1500,132500,134000,130500,558891
485,2019-05-17,124500,9000,129000,129500,124000,5222004
484,2019-05-20,126500,2000,126500,128500,125500,899474
483,2019-05-21,125000,1500,126500,127500,125000,694961
482,2019-05-22,125500,500,125500,126500,121500,840648
481,2019-05-23,124000,1500,125000,127000,123500,425136
478,2019-05-24,124000,0,123000,124000,120500,766145
477,2019-05-27,122000,2000,125000,126500,120500,550142
476,2019-05-28,123000,1000,121000,125000,120500,565899
475,2019-05-29,121500,1500,122500,123500,120500,323116
474,2019-05-30,124500,3000,122000,125500,122000,460680
470,2019-05-31,124500,0,124000,126000,123000,325040
469,2019-06-03,122500,2000,123500,125500,122000,316035
468,2019-06-04,119500,3000,122500,124000,116500,847685
467,2019-06-05,120500,1000,121000,121500,119500,307665
466,2019-06-07,120000,500,120000,120500,117500,537162
463,2019-06-10,124000,4000,120000,125000,119000,506951
462,2019-06-11,124500,500,124000,125000,122500,244302
461,2019-06-12,124000,500,124500,125000,122500,212619
460,2019-06-13,126500,2500,124000,127500,123500,747390
459,2019-06-14,125000,1500,127000,128000,124500,357300
455,2019-06-17,121500,3500,125000,125000,121000,349662
454,2019-06-18,121000,500,121500,123000,120000,344107
453,2019-06-19,122000,1000,122500,122500,121000,178919
452,2019-06-20,122000,0,122000,124000,120000,287954
451,2019-06-21,126500,4500,124500,128000,124000,808423
448,2019-06-24,126000,500,127000,128000,125500,306333
447,2019-06-25,130500,4500,129000,131000,127500,956899
446,2019-06-26,129500,1000,131000,132500,129000,516097
445,2019-06-27,131500,2000,131000,133500,130000,704159
444,2019-06-28,131500,0,131500,133000,130000,362354
440,2019-07-01,129500,2000,132500,133000,129000,433735
439,2019-07-02,131500,2000,129500,131500,128000,264488
438,2019-07-03,131000,500,131500,132000,130000,300667
437,2019-07-04,132500,1500,131000,132500,129500,362634
436,2019-07-05,133500,1000,133000,134000,131500,458417
433,2019-07-08,128000,5500,133500,133500,128000,581000
432,2019-07-09,131000,3000,128500,132000,128000,463640
431,2019-07-10,131000,0,132000,132000,129000,312943
430,2019-07-11,130500,500,131000,133000,130500,525918
429,2019-07-12,131500,1000,131000,132500,129500,300566
425,2019-07-15,133000,1500,132500,136000,131000,783546
424,2019-07-16,133000,0,133500,134000,132000,323628
423,2019-07-17,131000,2000,132000,132500,129500,328637
422,2019-07-18,131500,500,130500,132500,130500,170819
421,2019-07-19,135000,3500,132000,135500,131500,656218
418,2019-07-22,134000,1000,134500,136000,133500,408551
417,2019-07-23,136000,2000,134000,136500,133000,469494
416,2019-07-24,136000,0,136000,138000,134000,692256
415,2019-07-25,131000,5000,136000,136000,128000,1295817
414,2019-07-26,131000,0,129000,132000,127000,701403
410,2019-07-29,129000,2000,130000,132000,128000,368682
409,2019-07-30,126000,3000,128500,129500,126000,467439
408,2019-07-31,127000,1000,125000,128000,124500,294609
407,2019-08-01,126500,500,126000,128500,125500,249194
406,2019-08-02,128500,2000,126000,130000,123500,444403
403,2019-08-05,122500,6000,128000,129000,121500,597268
402,2019-08-06,122000,500,118500,124500,117500,714349
401,2019-08-07,123500,1500,124500,125000,121500,424495
400,2019-08-08,127000,3500,128000,129000,125500,956084
399,2019-08-09,132000,5000,128000,133000,127500,780515
395,2019-08-12,130000,2000,133000,133500,129500,265084
394,2019-08-13,131500,1500,130000,132500,129000,361927
393,2019-08-14,130500,1000,133000,133000,129000,338519
392,2019-08-16,129500,1000,129500,130000,128000,300046
391,2019-08-19,130500,1000,130500,131500,129500,222446
388,2019-08-20,132000,1500,131000,132000,129500,369383
387,2019-08-21,131500,500,131000,133000,130500,284628
386,2019-08-22,133000,1500,131500,135000,131500,597184
385,2019-08-23,133000,0,132000,133500,130500,414033
384,2019-08-26,132500,500,130000,133000,129500,374958
380,2019-08-27,134000,1500,133500,135000,133000,499775
379,2019-08-28,133500,500,134000,135000,132500,255507
378,2019-08-29,133000,500,133000,133500,131000,351957
377,2019-08-30,134500,1500,134000,135500,134000,402408
376,2019-09-02,137000,2500,134000,137500,133500,575791
373,2019-09-03,137500,500,137500,138000,136000,291503
372,2019-09-04,138500,1000,137000,139000,136500,431250
371,2019-09-05,135000,3500,138000,139000,134500,598646
370,2019-09-06,136000,1000,135000,136500,135000,191271
369,2019-09-09,133000,3000,135000,135500,132000,673204
365,2019-09-10,135500,2500,133000,135500,132500,310565
364,2019-09-11,133000,2500,135500,136000,133000,734465
363,2019-09-16,132000,1000,134500,135000,131000,413424
362,2019-09-17,132000,0,132000,134000,132000,326141
361,2019-09-18,137000,5000,133000,137000,133000,684630
358,2019-09-19,135500,1500,136500,137500,135000,242822
357,2019-09-20,135500,0,135500,135500,133000,358235
356,2019-09-23,134500,1000,135000,136500,134500,207227
355,2019-09-24,138000,3500,135000,138000,134500,466753
354,2019-09-25,136000,2000,137500,138500,136000,301919
350,2019-09-26,136500,500,137000,137500,135000,210766
349,2019-09-27,135500,1000,136500,136500,134500,168760
348,2019-09-30,135500,0,134500,136000,134000,202006
347,2019-10-01,137500,2000,136000,138000,136000,252319
346,2019-10-02,135500,2000,136500,137000,135500,152309
343,2019-10-04,133500,2000,134500,136000,133500,238417
342,2019-10-07,134500,1000,134000,135000,133000,344020
341,2019-10-08,134500,0,134500,135000,133500,224907
340,2019-10-10,136500,2000,133000,137000,132500,694345
339,2019-10-11,135000,1500,136500,137500,134500,238584
335,2019-10-14,134500,500,136000,136500,134000,317555
334,2019-10-15,134000,500,135000,135000,133000,190243
333,2019-10-16,132000,2000,134000,134500,128500,753513
332,2019-10-17,130500,1500,131500,132500,129000,618170
331,2019-10-18,132500,2000,131000,133500,131000,332984
328,2019-10-21,133500,1000,132500,134000,131000,214102
327,2019-10-22,136000,2500,134000,136000,134000,337570
326,2019-10-23,140000,4000,136000,140000,135500,1045771
325,2019-10-24,139500,500,140500,142000,139000,490092
324,2019-10-25,140000,500,140000,141000,139500,196552
320,2019-10-28,140000,0,142000,145000,139500,665988
319,2019-10-29,139500,500,141500,142000,138000,367213
318,2019-10-30,138000,1500,140500,140500,137500,251362
317,2019-10-31,141500,3500,139000,144000,138500,726151
316,2019-11-01,145500,4000,142500,146000,142000,717046
313,2019-11-04,146500,1000,146500,147500,145500,436509
312,2019-11-05,148500,2000,146000,149000,145500,502806
311,2019-11-06,151000,2500,149000,151000,148000,516744
310,2019-11-07,151000,0,152000,154500,147000,1222184
309,2019-11-08,152000,1000,152000,155000,151000,900774
305,2019-11-11,154000,2000,153000,155000,152000,509809
304,2019-11-12,153500,500,154000,154500,152000,396292
303,2019-11-13,153500,0,152500,154000,151000,376959
302,2019-11-14,154500,1000,154500,155000,152000,651414
301,2019-11-15,155500,1000,154500,155500,153500,281084
298,2019-11-18,157500,2000,155500,158000,155500,372362
297,2019-11-19,156500,1000,157500,157500,155500,323233
296,2019-11-20,156500,0,156000,159000,155500,332676
295,2019-11-21,154000,2500,156500,157000,151000,666854
294,2019-11-22,153000,1000,153000,155500,152000,335038
290,2019-11-25,156500,3500,153500,156500,153500,300270
289,2019-11-26,157500,1000,157000,158500,156500,361401
288,2019-11-27,157500,0,158500,159000,156500,294619
287,2019-11-28,157000,500,156500,157500,155500,218221
286,2019-11-29,155500,1500,156000,159000,153500,471253
283,2019-12-02,156500,1000,156000,156500,153500,250192
282,2019-12-03,157000,500,155500,157000,154000,235453
281,2019-12-04,156000,1000,156000,156000,154500,233141
280,2019-12-05,149500,6500,155500,156000,148500,841460
279,2019-12-06,153500,4000,149000,154000,149000,415390
275,2019-12-09,151500,2000,154000,154500,151000,267330
274,2019-12-10,149500,2000,150000,151500,147000,516074
273,2019-12-11,150000,500,150500,150500,147500,480071
272,2019-12-12,149500,500,151000,151500,149000,710378
271,2019-12-13,151000,1500,150500,151000,148500,456822
268,2019-12-16,151500,500,151000,152000,150000,297095
267,2019-12-17,150500,1000,151500,152000,149500,275832
266,2019-12-18,151000,500,150500,152000,149500,252752
265,2019-12-19,150000,1000,150500,151000,149000,175849
264,2019-12-20,150000,0,150000,153000,149500,545445
260,2019-12-23,148500,1500,151000,151000,148000,283403
259,2019-12-24,146500,2000,148000,150000,144500,367817
258,2019-12-26,148000,1500,146000,148000,146000,320921
257,2019-12-27,153500,5500,149500,154000,149000,690548
256,2019-12-30,153500,0,154000,155000,153000,428587
253,2020-01-02,152500,1000,154000,154500,152000,241047
252,2020-01-03,152500,0,153500,155000,151000,314848
251,2020-01-06,154500,2000,150500,155000,150000,393715
250,2020-01-07,160000,5500,155000,160000,154500,840186
249,2020-01-08,159500,500,158500,162000,156500,851619
245,2020-01-09,164000,4500,163500,165500,162500,878319
244,2020-01-10,165000,1000,165000,166500,163000,401906
243,2020-01-13,167000,2000,165500,167500,165000,475667
242,2020-01-14,167000,0,167500,168500,165500,423286
241,2020-01-15,170000,3000,167000,170500,166500,462119
238,2020-01-16,171500,1500,170000,172000,170000,260049
237,2020-01-17,168500,3000,171500,172500,168000,354724
236,2020-01-20,168500,0,169000,170000,167000,380510
235,2020-01-21,165000,3500,168500,169000,163500,389155
234,2020-01-22,166000,1000,166000,169000,164500,504350
230,2020-01-23,165500,500,168000,168000,164500,323420
229,2020-01-28,162500,3000,160000,163500,159500,513228
228,2020-01-29,163500,1000,165500,166000,162500,255167
227,2020-01-30,162000,1500,163000,165500,160500,418908
226,2020-01-31,159000,3000,162500,164000,158500,346067
223,2020-02-03,159500,500,156000,160500,156000,423907
222,2020-02-04,164500,5000,161500,165500,160500,394773
221,2020-02-05,163000,1500,166500,167000,161500,456954
220,2020-02-06,166000,3000,165500,168000,163500,552044
219,2020-02-07,167500,1500,167000,170500,166000,522100
215,2020-02-10,169000,1500,167500,169500,166000,375209
214,2020-02-11,170000,1000,169000,170000,168000,307120
213,2020-02-12,172000,2000,169500,172000,168000,407917
212,2020-02-13,179000,7000,174500,181500,173500,1877980
211,2020-02-14,180000,1000,181000,184500,179000,948085
208,2020-02-17,180500,500,180000,182000,179000,329408
207,2020-02-18,182000,1500,180500,183500,179000,587253
206,2020-02-19,190000,8000,184000,190500,183500,1362998
205,2020-02-20,190500,500,190500,191500,188000,547405
204,2020-02-21,189500,1000,188500,191500,187500,558497
200,2020-02-24,183500,6000,184500,186000,182000,792733
199,2020-02-25,185500,2000,182000,186000,180000,596763
198,2020-02-26,184000,1500,183500,185500,181500,516378
197,2020-02-27,178500,5500,184000,185500,176500,785062
196,2020-02-28,172000,6500,174500,176500,170500,1022917
193,2020-03-02,175000,3000,174500,176500,169500,793495
192,2020-03-03,175000,0,180500,181000,175000,629017
191,2020-03-04,179500,4500,174000,181000,174000,709188
190,2020-03-05,179500,0,182500,183000,176500,821744
189,2020-03-06,175500,4000,176500,178500,174000,568424
185,2020-03-09,167500,8000,171000,171500,166000,805638
184,2020-03-10,173000,5500,164500,174500,164000,950875
183,2020-03-11,169000,4000,172000,174500,167000,550227
182,2020-03-12,161000,8000,167000,169000,158500,1218070
181,2020-03-13,159000,2000,150000,161500,145000,1601985
178,2020-03-16,147500,11500,162000,164000,147500,1252484
177,2020-03-17,147500,0,141000,150500,140000,1221046
176,2020-03-18,141000,6500,148500,152000,140500,1107527
175,2020-03-19,134000,7000,145500,147000,127500,2157141
174,2020-03-20,149500,15500,138000,151000,134500,1765756
170,2020-03-23,143500,6000,138000,148000,137500,1569378
169,2020-03-24,154500,11000,150500,155000,147000,1271387
168,2020-03-25,154500,0,160500,162500,151000,1290376
167,2020-03-26,150500,4000,155000,156000,150000,893688
166,2020-03-27,152500,2000,156500,157000,149000,958988
163,2020-03-30,153000,500,149500,154500,147500,668254
162,2020-03-31,155500,2500,155000,159000,152000,1042474
161,2020-04-01,150500,5000,156000,158500,150000,794295
160,2020-04-02,157000,6500,152000,157000,149000,1043790
159,2020-04-03,157500,500,158500,159000,155000,545749
155,2020-04-06,160500,3000,158500,161000,157500,807805
154,2020-04-07,160000,500,163500,164500,158500,920798
153,2020-04-08,158000,2000,159000,160500,158000,738303
152,2020-04-09,158000,0,161000,161000,157500,726920
151,2020-04-10,161000,3000,158500,161500,157000,753323
148,2020-04-13,157500,3500,161000,161000,157000,470251
147,2020-04-14,159500,2000,159500,160500,158000,430759
146,2020-04-16,165500,6000,159000,167000,158500,1005533
145,2020-04-17,172000,6500,169000,172500,167500,947794
144,2020-04-20,175000,3000,172500,179000,172000,859303
140,2020-04-21,175500,500,176500,177500,168500,1232126
139,2020-04-22,177000,1500,174000,177000,171500,686146
138,2020-04-23,185500,8500,181500,186500,180500,1509799
137,2020-04-24,183000,2500,184500,188500,182000,1073684
136,2020-04-27,184000,1000,183000,187000,181500,721963
133,2020-04-28,185000,1000,185500,186500,181500,668638
132,2020-04-29,184000,1000,184000,186500,182500,659512
131,2020-05-04,186500,2500,181500,190000,180000,1019409
130,2020-05-06,199500,13000,189000,200000,188000,2035947
129,2020-05-07,206000,6500,199500,207500,198500,2629709
125,2020-05-08,206000,0,206500,210000,204000,1405404
124,2020-05-11,207500,1500,207000,211500,206500,1048413
123,2020-05-12,214500,7000,209000,216500,206000,1563095
122,2020-05-13,216500,2000,211500,216500,211500,1113608
121,2020-05-14,225000,8500,216000,228000,214000,1459813
118,2020-05-15,221500,3500,228500,231500,216000,1524083
117,2020-05-18,221000,500,221500,225500,218500,744533
116,2020-05-19,220000,1000,221500,222500,214000,1308903
115,2020-05-20,231500,11500,223500,234500,222000,1773960
114,2020-05-21,237500,6000,237500,240000,234500,1408737
110,2020-05-22,247000,9500,237500,248500,235000,1887064
109,2020-05-25,268000,21000,251000,270000,249000,2653776
108,2020-05-26,270000,2000,273500,279500,261000,3274293
107,2020-05-27,260500,9500,262000,267000,257000,2015974
106,2020-05-28,267000,6500,257500,270000,252500,2495048
103,2020-05-29,263500,3500,263500,267500,257500,1645822
102,2020-06-01,264000,500,263500,266000,259500,1083698
101,2020-06-02,259500,4500,262500,263000,257000,978846
100,2020-06-03,249500,10000,259500,261500,247500,2302391
99,2020-06-04,254000,4500,247500,257000,247000,1228950
95,2020-06-05,251000,3000,253000,253500,247500,1007264
94,2020-06-08,256500,5500,252500,258000,248500,1417078
93,2020-06-09,254500,2000,255500,259500,252500,834862
92,2020-06-10,262000,7500,256500,263500,256500,1575452
91,2020-06-11,265000,3000,264000,268000,261000,1724551
88,2020-06-12,266000,1000,256500,268000,256000,1688975
87,2020-06-15,252500,13500,266000,271000,250000,1549230
86,2020-06-16,263000,10500,260500,263000,258000,915456
85,2020-06-17,263000,0,261500,268000,258000,1162204
84,2020-06-18,263500,500,264500,267000,260500,981144
80,2020-06-19,263500,0,267500,269500,262000,920126
79,2020-06-22,274000,10500,263500,276000,260500,2008656
78,2020-06-23,281500,7500,279000,289000,277000,2166267
77,2020-06-24,282500,1000,281500,284000,275000,1081233
76,2020-06-25,274500,8000,278500,282000,273500,900258
73,2020-06-26,274500,0,279500,280000,268000,812726
72,2020-06-29,267500,7000,269000,273500,266000,778818
71,2020-06-30,267500,0,272000,273000,267500,624089
70,2020-07-01,269500,2000,271500,275000,267500,578023
69,2020-07-02,285500,16000,273500,285500,273000,1378545
65,2020-07-03,294000,8500,289500,297000,284000,1604493
64,2020-07-06,300500,6500,298000,307500,297000,1344851
63,2020-07-07,310500,10000,306500,318000,304000,1552820
62,2020-07-08,328000,17500,312000,328000,305000,1869663
61,2020-07-09,355500,27500,335000,355500,332000,2463503
58,2020-07-10,355500,0,351000,368000,345500,2566935
57,2020-07-13,352000,3500,359000,361000,345000,1391744
56,2020-07-14,343000,9000,340500,346500,340000,1212519
55,2020-07-15,337500,5500,344000,349500,332000,1487417
54,2020-07-16,322000,15500,332000,335500,319000,1941508
50,2020-07-17,325000,3000,319000,327000,314000,1268587
49,2020-07-20,310000,15000,325000,325000,310000,1534422
48,2020-07-21,316000,6000,323500,326000,311500,1676630
47,2020-07-22,318000,2000,310500,321500,306000,1159298
46,2020-07-23,329500,11500,316500,329500,315000,1260435
43,2020-07-24,324500,5000,325000,333000,322000,907643
42,2020-07-27,326500,2000,321000,329500,320500,603322
41,2020-07-28,329500,3000,332000,336000,328500,873063
40,2020-07-29,331500,2000,329000,333000,325000,618435
39,2020-07-30,332000,500,336000,337000,331500,615872
35,2020-07-31,343500,11500,336000,344000,335500,1078837
34,2020-08-03,366000,22500,347500,366000,347000,1636803
33,2020-08-04,370000,4000,378500,384000,361000,1714642
32,2020-08-05,370500,500,366000,371000,362500,1075879
31,2020-08-06,364000,6500,358500,372500,357500,1848898
28,2020-08-07,353000,11000,368000,370000,350500,1899111
27,2020-08-10,356000,3000,346000,358500,341500,1086391
26,2020-08-11,352500,3500,351500,357000,347500,750285
25,2020-08-12,354000,1500,348500,356500,347500,729434
24,2020-08-13,360500,6500,359000,365000,356500,1117859
20,2020-08-14,362500,2000,361000,366000,358000,825802
19,2020-08-18,378000,15500,371500,389500,367500,3032037
18,2020-08-19,376500,1500,384500,385000,372000,1359266
17,2020-08-20,364500,12000,376000,383000,359500,1686740
16,2020-08-21,370000,5500,370000,373500,362000,1021460
13,2020-08-24,380000,10000,374500,382500,367500,969648
12,2020-08-25,381000,1000,384500,385000,377000,887733
11,2020-08-26,392000,11000,380500,394000,378000,1351029
10,2020-08-27,410500,18500,396500,413000,396000,1981840
9,2020-08-28,405500,5000,413500,416000,400000,1506996
5,2020-08-31,407000,1500,410500,420500,401000,1629751
4,2020-09-01,401500,5500,413500,416000,400000,1100736
3,2020-09-02,412000,10500,405500,412500,401500,921655
2,2020-09-03,410000,2000,415500,416000,404000,739215
1,2020-09-04,402000,8000,390000,404500,389500,1160453
