,날짜,종가,전일비,시가,고가,저가,거래량
1,2020.09.07,78400.0,300.0,78600.0,79500.0,77600.0,2730570.0
2,2020.09.04,78700.0,0.0,76400.0,79400.0,76100.0,4582566.0
3,2020.09.03,78700.0,3200.0,77700.0,79700.0,77200.0,7002529.0
4,2020.09.02,75500.0,300.0,75900.0,76400.0,74900.0,2369360.0
5,2020.09.01,75200.0,100.0,75200.0,76500.0,75200.0,2538676.0
9,2020.08.31,75100.0,2700.0,78200.0,78800.0,75100.0,5113128.0
10,2020.08.28,77800.0,1300.0,79500.0,79600.0,77700.0,2511956.0
11,2020.08.27,79100.0,300.0,80200.0,80200.0,78800.0,4223450.0
12,2020.08.26,78800.0,1800.0,78000.0,79100.0,77100.0,4741965.0
13,2020.08.25,77000.0,1500.0,76300.0,77700.0,75400.0,3473488.0
16,2020.08.24,75500.0,1000.0,74600.0,77200.0,73700.0,4298619.0
17,2020.08.21,74500.0,2700.0,72800.0,77000.0,72500.0,7700029.0
18,2020.08.20,71800.0,3200.0,74400.0,74400.0,71300.0,7260223.0
19,2020.08.19,75000.0,3100.0,77300.0,78000.0,75000.0,8028305.0
20,2020.08.18,78100.0,2100.0,80000.0,80200.0,78000.0,4946279.0
24,2020.08.14,80200.0,500.0,80200.0,81100.0,80100.0,2589552.0
25,2020.08.13,80700.0,300.0,81900.0,82000.0,80300.0,4049387.0
26,2020.08.12,81000.0,300.0,81100.0,81300.0,80200.0,3595828.0
27,2020.08.11,81300.0,100.0,81700.0,82000.0,81000.0,3234013.0
28,2020.08.10,81400.0,800.0,80100.0,81900.0,79800.0,3277238.0
31,2020.08.07,80600.0,500.0,81200.0,81300.0,80000.0,4946631.0
32,2020.08.06,81100.0,400.0,80700.0,81900.0,80700.0,3391939.0
33,2020.08.05,80700.0,900.0,81200.0,81300.0,80500.0,4537005.0
34,2020.08.04,81600.0,200.0,81800.0,82500.0,81400.0,3005937.0
35,2020.08.03,81800.0,1000.0,82400.0,82600.0,81500.0,3483106.0
39,2020.07.31,82800.0,2500.0,85700.0,86000.0,82800.0,4848989.0
40,2020.07.30,85300.0,2100.0,83300.0,86400.0,83000.0,6870841.0
41,2020.07.29,83200.0,100.0,82900.0,83800.0,82600.0,3719681.0
42,2020.07.28,83100.0,300.0,83900.0,83900.0,82700.0,4538720.0
43,2020.07.27,82800.0,900.0,83100.0,84000.0,82800.0,2784652.0
46,2020.07.24,83700.0,1300.0,82300.0,83700.0,82200.0,3667416.0
47,2020.07.23,82400.0,800.0,84000.0,84000.0,82300.0,3591647.0
48,2020.07.22,83200.0,900.0,84100.0,84200.0,82900.0,2876295.0
49,2020.07.21,84100.0,1900.0,83400.0,84700.0,83000.0,4181015.0
50,2020.07.20,82200.0,700.0,82800.0,83000.0,82100.0,2008624.0
54,2020.07.17,82900.0,200.0,82700.0,83500.0,82600.0,1579078.0
55,2020.07.16,82700.0,300.0,83000.0,83100.0,82300.0,2312310.0
56,2020.07.15,83000.0,100.0,83100.0,83900.0,82900.0,3024429.0
57,2020.07.14,82900.0,100.0,82600.0,82900.0,82000.0,2048671.0
58,2020.07.13,83000.0,200.0,83100.0,83500.0,82500.0,2080934.0
61,2020.07.10,82800.0,200.0,83300.0,83500.0,82400.0,2201557.0
62,2020.07.09,83000.0,700.0,84200.0,84600.0,83000.0,4002365.0
63,2020.07.08,83700.0,1100.0,83800.0,84900.0,83600.0,3523620.0
64,2020.07.07,84800.0,1200.0,87300.0,87300.0,84600.0,3196352.0
65,2020.07.06,86000.0,600.0,86000.0,87000.0,85800.0,2561766.0
69,2020.07.03,85400.0,1000.0,85000.0,85600.0,84500.0,2195897.0
70,2020.07.02,84400.0,900.0,84800.0,85200.0,84000.0,3295340.0
71,2020.07.01,85300.0,200.0,86800.0,87300.0,84900.0,2382552.0
72,2020.06.30,85100.0,1500.0,86200.0,87300.0,85000.0,4983607.0
73,2020.06.29,83600.0,1000.0,84000.0,85300.0,83500.0,2932433.0
76,2020.06.26,84600.0,300.0,86000.0,86100.0,84500.0,2889494.0
77,2020.06.25,84300.0,1700.0,84300.0,85600.0,84000.0,3397112.0
78,2020.06.24,86000.0,1900.0,84200.0,87400.0,84000.0,4079834.0
79,2020.06.23,84100.0,800.0,85600.0,86200.0,83900.0,2955819.0
80,2020.06.22,84900.0,500.0,84400.0,85900.0,84300.0,2167216.0
84,2020.06.19,85400.0,800.0,86500.0,87000.0,84500.0,3216102.0
85,2020.06.18,86200.0,600.0,86100.0,86800.0,85400.0,2484147.0
86,2020.06.17,86800.0,1400.0,84800.0,87400.0,83500.0,4160612.0
87,2020.06.16,85400.0,3400.0,83400.0,85700.0,83300.0,3518785.0
88,2020.06.15,82000.0,3200.0,84100.0,86500.0,82000.0,4710114.0
91,2020.06.12,85200.0,3300.0,84500.0,85800.0,84500.0,4742329.0
92,2020.06.11,88500.0,2300.0,89300.0,90300.0,87500.0,5467344.0
93,2020.06.10,90800.0,1000.0,89800.0,91100.0,89400.0,3045250.0
94,2020.06.09,89800.0,1200.0,91000.0,92000.0,89100.0,3410081.0
95,2020.06.08,91000.0,600.0,93000.0,93000.0,90600.0,3789382.0
99,2020.06.05,90400.0,2700.0,88500.0,90800.0,87700.0,4000557.0
100,2020.06.04,87700.0,1000.0,90000.0,91600.0,87100.0,6678244.0
101,2020.06.03,88700.0,5400.0,83400.0,89200.0,83400.0,11642239.0
102,2020.06.02,83300.0,300.0,82700.0,83600.0,82700.0,3114162.0
103,2020.06.01,83600.0,2100.0,82100.0,83700.0,82100.0,4205357.0
106,2020.05.29,81500.0,2400.0,82600.0,82700.0,81300.0,6815185.0
107,2020.05.28,83900.0,2500.0,84100.0,85400.0,82400.0,9227823.0
108,2020.05.27,81400.0,500.0,81100.0,82700.0,81000.0,2946278.0
109,2020.05.26,81900.0,500.0,80600.0,82100.0,80600.0,3040122.0
110,2020.05.25,81400.0,100.0,81500.0,81800.0,80500.0,2850294.0
114,2020.05.22,81300.0,2100.0,83100.0,83300.0,81000.0,3471700.0
115,2020.05.21,83400.0,700.0,84900.0,84900.0,83200.0,2678953.0
116,2020.05.20,84100.0,1400.0,81900.0,84200.0,81800.0,3924403.0
117,2020.05.19,82700.0,1600.0,82400.0,83200.0,81700.0,4620614.0
118,2020.05.18,81100.0,800.0,80400.0,81800.0,79200.0,5294177.0
121,2020.05.15,81900.0,1300.0,81500.0,82300.0,80700.0,4168866.0
122,2020.05.14,80600.0,3000.0,82200.0,82500.0,80600.0,6409652.0
123,2020.05.13,83600.0,2100.0,83500.0,84100.0,83000.0,5371416.0
124,2020.05.12,85700.0,1200.0,84500.0,86500.0,83200.0,3574409.0
125,2020.05.11,84500.0,500.0,84500.0,85200.0,84100.0,2800047.0
129,2020.05.08,85000.0,2600.0,83000.0,85500.0,83000.0,5039635.0
130,2020.05.07,82400.0,0.0,82400.0,83400.0,81800.0,2660512.0
131,2020.05.06,82400.0,1400.0,82000.0,82500.0,80900.0,3351424.0
132,2020.05.04,81000.0,2700.0,82900.0,82900.0,80800.0,5280026.0
133,2020.04.29,83700.0,300.0,83500.0,84800.0,82900.0,3750568.0
136,2020.04.28,83400.0,800.0,82500.0,83900.0,82400.0,3205535.0
137,2020.04.27,82600.0,1200.0,81700.0,83200.0,81200.0,3235430.0
138,2020.04.24,81400.0,1200.0,82000.0,82500.0,80800.0,3193144.0
139,2020.04.23,82600.0,1300.0,85200.0,85200.0,82000.0,6519481.0
140,2020.04.22,83900.0,2600.0,80600.0,83900.0,80000.0,5335787.0
144,2020.04.21,81300.0,700.0,80600.0,82200.0,80200.0,5090721.0
145,2020.04.20,82000.0,2100.0,83900.0,83900.0,82000.0,5027876.0
146,2020.04.17,84100.0,2800.0,83600.0,85900.0,83200.0,6205624.0
147,2020.04.16,81300.0,1000.0,80600.0,82300.0,80600.0,4470072.0
148,2020.04.14,82300.0,900.0,82200.0,83700.0,81200.0,3344109.0
151,2020.04.13,81400.0,2700.0,83200.0,83400.0,81100.0,3615318.0
152,2020.04.10,84100.0,900.0,84000.0,84400.0,83000.0,3675338.0
153,2020.04.09,85000.0,500.0,86200.0,86500.0,84500.0,3555538.0
154,2020.04.08,84500.0,1300.0,85800.0,86500.0,84500.0,3749575.0
155,2020.04.07,85800.0,2700.0,86600.0,86700.0,83700.0,6188649.0
159,2020.04.06,83100.0,3500.0,81000.0,83300.0,80200.0,5784159.0
160,2020.04.03,79600.0,400.0,80000.0,80800.0,78500.0,3755301.0
161,2020.04.02,80000.0,1600.0,78800.0,80000.0,76500.0,5394371.0
162,2020.04.01,78400.0,4900.0,82100.0,83200.0,78400.0,6845675.0
163,2020.03.31,83300.0,400.0,84000.0,85500.0,82000.0,5333479.0
166,2020.03.30,83700.0,400.0,81000.0,84900.0,80000.0,5270037.0
167,2020.03.27,83300.0,2600.0,85700.0,85700.0,80500.0,8085695.0
168,2020.03.26,80700.0,3800.0,85000.0,87900.0,80400.0,7895289.0
169,2020.03.25,84500.0,5800.0,82000.0,84700.0,79800.0,8787217.0
170,2020.03.24,78700.0,9300.0,73000.0,78800.0,72100.0,7247345.0
174,2020.03.23,69400.0,5400.0,69700.0,71600.0,68000.0,8192363.0
175,2020.03.20,74800.0,5800.0,71800.0,76200.0,70100.0,8750101.0
176,2020.03.19,69000.0,4100.0,75500.0,75800.0,65800.0,11140367.0
177,2020.03.18,73100.0,7300.0,81600.0,82500.0,73000.0,7949482.0
178,2020.03.17,80400.0,200.0,77500.0,83100.0,77000.0,7107436.0
181,2020.03.16,80600.0,1900.0,83700.0,84800.0,80400.0,5097762.0
182,2020.03.13,82500.0,300.0,76900.0,84700.0,76000.0,8160758.0
183,2020.03.12,82800.0,2700.0,83800.0,84600.0,79600.0,8191818.0
184,2020.03.11,85500.0,3600.0,88200.0,88500.0,85100.0,5226251.0
185,2020.03.10,89100.0,2200.0,86900.0,89400.0,86600.0,6579153.0
189,2020.03.09,86900.0,5700.0,89500.0,89700.0,86400.0,6196552.0
190,2020.03.06,92600.0,2300.0,93300.0,94300.0,92000.0,3281612.0
191,2020.03.05,94900.0,600.0,95200.0,95900.0,93800.0,4028776.0
192,2020.03.04,94300.0,1500.0,91300.0,95000.0,91300.0,4984561.0
193,2020.03.03,92800.0,700.0,95000.0,95100.0,92400.0,5573006.0
196,2020.03.02,92100.0,4200.0,90000.0,93100.0,88300.0,6382279.0
197,2020.02.28,87900.0,4900.0,91000.0,92200.0,87700.0,8171939.0
198,2020.02.27,92800.0,1800.0,94700.0,95300.0,92200.0,4644449.0
199,2020.02.26,94600.0,3400.0,95500.0,96100.0,94400.0,6405409.0
200,2020.02.25,98000.0,1500.0,97800.0,99100.0,96400.0,6594059.0
204,2020.02.24,99500.0,3500.0,100500.0,100500.0,98900.0,5550758.0
205,2020.02.21,103000.0,1000.0,101500.0,103500.0,101000.0,4064719.0
206,2020.02.20,104000.0,500.0,104500.0,106000.0,102500.0,3093782.0
207,2020.02.19,103500.0,1500.0,102500.0,103500.0,101000.0,2315634.0
208,2020.02.18,102000.0,3000.0,104000.0,104500.0,101500.0,2789667.0
211,2020.02.17,105000.0,500.0,104500.0,106000.0,103500.0,1190162.0
212,2020.02.14,104500.0,2500.0,101500.0,105000.0,101000.0,1893163.0
213,2020.02.13,102000.0,2000.0,101000.0,103500.0,100500.0,3519491.0
214,2020.02.12,100000.0,200.0,100500.0,101000.0,99100.0,2616573.0
215,2020.02.11,99800.0,1000.0,99900.0,100500.0,99000.0,1820578.0
219,2020.02.10,98800.0,500.0,98000.0,99200.0,97400.0,1825648.0
220,2020.02.07,99300.0,1200.0,100000.0,100500.0,98400.0,1827393.0
221,2020.02.06,100500.0,2800.0,98900.0,101000.0,98300.0,2861441.0
222,2020.02.05,97700.0,600.0,99300.0,99300.0,96900.0,2911995.0
223,2020.02.04,97100.0,2400.0,94800.0,97500.0,94500.0,3169743.0
226,2020.02.03,94700.0,1200.0,91800.0,95600.0,91500.0,3725535.0
227,2020.01.31,93500.0,500.0,94500.0,97500.0,93500.0,4597139.0
228,2020.01.30,94000.0,3900.0,97800.0,97800.0,93800.0,3223436.0
229,2020.01.29,97900.0,1600.0,96900.0,99000.0,96700.0,2741459.0
230,2020.01.28,96300.0,2400.0,95500.0,96900.0,95000.0,3630362.0
234,2020.01.23,98700.0,2300.0,101000.0,101000.0,98200.0,2780104.0
235,2020.01.22,101000.0,1700.0,99000.0,101000.0,99000.0,2257478.0
236,2020.01.21,99300.0,600.0,100500.0,100500.0,99000.0,1483291.0
237,2020.01.20,99900.0,900.0,100000.0,101000.0,99600.0,1781639.0
238,2020.01.17,99000.0,200.0,100500.0,101500.0,98800.0,2246394.0
241,2020.01.16,99200.0,1000.0,97400.0,99400.0,97400.0,2824804.0
242,2020.01.15,98200.0,2300.0,99900.0,99900.0,98000.0,2745625.0
243,2020.01.14,100500.0,0.0,101500.0,103500.0,99900.0,2913343.0
244,2020.01.13,100500.0,1600.0,99000.0,101000.0,98000.0,2242008.0
245,2020.01.10,98900.0,100.0,99100.0,99700.0,97900.0,2867925.0
249,2020.01.09,99000.0,1600.0,98900.0,99000.0,97400.0,3586413.0
250,2020.01.08,97400.0,3400.0,96400.0,99500.0,95200.0,7014748.0
251,2020.01.07,94000.0,300.0,94500.0,95400.0,94000.0,2489429.0
252,2020.01.06,94300.0,200.0,93000.0,95300.0,92800.0,2577573.0
253,2020.01.03,94500.0,200.0,96500.0,97900.0,94300.0,3021380.0
256,2020.01.02,94700.0,600.0,96000.0,96200.0,94100.0,2342070.0
257,2019.12.30,94100.0,1900.0,95600.0,96300.0,94100.0,1862634.0
258,2019.12.27,96000.0,1200.0,94800.0,97000.0,94200.0,2229470.0
259,2019.12.26,94800.0,1000.0,94000.0,95100.0,93500.0,1559839.0
260,2019.12.24,93800.0,800.0,95000.0,95600.0,93800.0,1464093.0
264,2019.12.23,94600.0,400.0,95800.0,96200.0,94100.0,1720279.0
265,2019.12.20,95000.0,1400.0,94100.0,95100.0,93700.0,2791176.0
266,2019.12.19,93600.0,600.0,95400.0,96400.0,93400.0,4938375.0
267,2019.12.18,93000.0,200.0,93400.0,94500.0,91800.0,3434310.0
268,2019.12.17,92800.0,4200.0,91000.0,93800.0,90200.0,5070618.0
271,2019.12.16,88600.0,700.0,87200.0,89400.0,87000.0,2652685.0
272,2019.12.13,87900.0,4500.0,87200.0,88200.0,85800.0,5831965.0
273,2019.12.12,83400.0,2800.0,82000.0,83500.0,82000.0,5247299.0
274,2019.12.11,80600.0,100.0,80700.0,81000.0,80100.0,2009331.0
275,2019.12.10,80700.0,0.0,79800.0,80900.0,79400.0,1831960.0
279,2019.12.09,80700.0,100.0,81300.0,81800.0,80700.0,2290088.0
280,2019.12.06,80600.0,1800.0,79300.0,80800.0,79100.0,3054204.0
281,2019.12.05,78800.0,1100.0,79800.0,79900.0,78000.0,3667358.0
282,2019.12.04,77700.0,1000.0,78000.0,78100.0,76800.0,6164549.0
283,2019.12.03,78700.0,1800.0,78100.0,79300.0,77300.0,11657151.0
286,2019.12.02,80500.0,400.0,80900.0,81800.0,80500.0,1945991.0
287,2019.11.29,80900.0,1900.0,82500.0,82800.0,80700.0,2139440.0
288,2019.11.28,82800.0,100.0,83100.0,83800.0,82500.0,1413983.0
289,2019.11.27,82700.0,400.0,82400.0,83200.0,82000.0,1326621.0
290,2019.11.26,82300.0,600.0,82000.0,84100.0,82000.0,4521090.0
294,2019.11.25,81700.0,0.0,82300.0,83300.0,81500.0,2602474.0
295,2019.11.22,81700.0,800.0,80900.0,82100.0,80700.0,2089767.0
296,2019.11.21,80900.0,1800.0,81700.0,82500.0,80500.0,3346746.0
297,2019.11.20,82700.0,2600.0,84400.0,85200.0,82600.0,3315169.0
298,2019.11.19,85300.0,200.0,85400.0,86000.0,84600.0,2260299.0
301,2019.11.18,85500.0,300.0,86000.0,86500.0,84700.0,1827506.0
302,2019.11.15,85200.0,1800.0,84200.0,85200.0,83400.0,2394138.0
303,2019.11.14,83400.0,0.0,83200.0,83800.0,82900.0,1517137.0
304,2019.11.13,83400.0,200.0,83300.0,83600.0,82300.0,1370289.0
305,2019.11.12,83200.0,1900.0,81900.0,83200.0,81300.0,1555211.0
309,2019.11.11,81300.0,1000.0,82500.0,82500.0,80700.0,2174477.0
310,2019.11.08,82300.0,1300.0,84600.0,84600.0,82000.0,2074339.0
311,2019.11.07,83600.0,100.0,83700.0,84300.0,82800.0,1594558.0
312,2019.11.06,83500.0,1600.0,84800.0,85200.0,83500.0,2127745.0
313,2019.11.05,85100.0,400.0,85100.0,85400.0,84600.0,1953720.0
316,2019.11.04,84700.0,1600.0,84000.0,84900.0,83800.0,2182879.0
317,2019.11.01,83100.0,1100.0,82300.0,83200.0,81600.0,1848046.0
318,2019.10.31,82000.0,500.0,81900.0,83400.0,81600.0,1978755.0
319,2019.10.30,81500.0,1500.0,83400.0,83400.0,81000.0,1927042.0
320,2019.10.29,83000.0,100.0,84000.0,84000.0,82900.0,1645070.0
324,2019.10.28,82900.0,0.0,83400.0,84000.0,82600.0,1977758.0
325,2019.10.25,82900.0,2900.0,82400.0,82900.0,81500.0,4229200.0
326,2019.10.24,80000.0,2300.0,79900.0,80100.0,78700.0,3076100.0
327,2019.10.23,77700.0,1400.0,78500.0,78600.0,77700.0,5373911.0
328,2019.10.22,79100.0,1600.0,78900.0,79300.0,78200.0,3453958.0
331,2019.10.21,77500.0,100.0,77800.0,78400.0,77100.0,2096581.0
332,2019.10.18,77400.0,3600.0,81500.0,81700.0,77300.0,13625664.0
333,2019.10.17,81000.0,1400.0,82000.0,82200.0,80600.0,1713942.0
334,2019.10.16,82400.0,1200.0,82400.0,82700.0,81900.0,2436269.0
335,2019.10.15,81200.0,700.0,80700.0,81700.0,80500.0,1518810.0
339,2019.10.14,80500.0,500.0,82000.0,82300.0,80400.0,1972409.0
340,2019.10.11,80000.0,1000.0,79800.0,80500.0,79400.0,2186536.0
341,2019.10.10,79000.0,1900.0,78900.0,79600.0,78100.0,4389324.0
342,2019.10.08,80900.0,600.0,80400.0,81100.0,79400.0,1816880.0
343,2019.10.07,80300.0,0.0,80700.0,81700.0,79800.0,1229105.0
346,2019.10.04,80300.0,800.0,78900.0,81300.0,78900.0,2430603.0
347,2019.10.02,79500.0,2500.0,81600.0,81600.0,79500.0,2188097.0
348,2019.10.01,82000.0,200.0,81800.0,82500.0,81700.0,2370210.0
349,2019.09.30,82200.0,800.0,80600.0,82900.0,80400.0,2442478.0
350,2019.09.27,81400.0,1900.0,80200.0,81500.0,80100.0,2625620.0
354,2019.09.26,83300.0,1400.0,83000.0,83500.0,82500.0,1734941.0
355,2019.09.25,81900.0,1500.0,82200.0,82800.0,81500.0,1644881.0
356,2019.09.24,83400.0,600.0,82500.0,83500.0,81400.0,1662830.0
357,2019.09.23,82800.0,600.0,81900.0,83300.0,81900.0,1413663.0
358,2019.09.20,82200.0,500.0,82800.0,83400.0,82100.0,2447172.0
361,2019.09.19,82700.0,2500.0,80600.0,82700.0,80300.0,3612220.0
362,2019.09.18,80200.0,800.0,80100.0,80600.0,79500.0,2706678.0
363,2019.09.17,79400.0,100.0,80000.0,80400.0,79100.0,2538780.0
364,2019.09.16,79500.0,3100.0,81000.0,81000.0,79000.0,5174391.0
365,2019.09.11,82600.0,500.0,83400.0,84300.0,81300.0,3650902.0
369,2019.09.10,83100.0,1200.0,84200.0,84200.0,82700.0,1761883.0
370,2019.09.09,84300.0,2400.0,83100.0,84600.0,82500.0,2642174.0
371,2019.09.06,81900.0,1100.0,84000.0,84000.0,81500.0,2418057.0
372,2019.09.05,83000.0,3000.0,81400.0,83000.0,81200.0,4068631.0
373,2019.09.04,80000.0,3000.0,77400.0,80000.0,77300.0,2723541.0
376,2019.09.03,77000.0,600.0,77200.0,77600.0,76300.0,1611563.0
377,2019.09.02,77600.0,200.0,77000.0,78200.0,76500.0,1431352.0
378,2019.08.30,77400.0,4100.0,74600.0,78000.0,74600.0,3839246.0
379,2019.08.29,73300.0,0.0,73500.0,74100.0,72000.0,2050860.0
380,2019.08.28,73300.0,300.0,73500.0,73700.0,72500.0,1380522.0
384,2019.08.27,73000.0,1200.0,72500.0,73700.0,72500.0,2512610.0
385,2019.08.26,71800.0,2600.0,72600.0,73000.0,71500.0,2645491.0
386,2019.08.23,74400.0,600.0,73500.0,75200.0,73400.0,1695532.0
387,2019.08.22,73800.0,2000.0,75300.0,76000.0,73800.0,2309550.0
388,2019.08.21,75800.0,600.0,75900.0,76900.0,75500.0,1898789.0
391,2019.08.20,76400.0,1300.0,75500.0,76600.0,75100.0,1694275.0
392,2019.08.19,75100.0,1300.0,77300.0,77500.0,74800.0,1591728.0
393,2019.08.16,76400.0,500.0,75800.0,76400.0,75100.0,2015785.0
394,2019.08.14,76900.0,2400.0,77200.0,77900.0,76200.0,2561643.0
395,2019.08.13,74500.0,0.0,74000.0,75100.0,73700.0,1304708.0
399,2019.08.12,74500.0,1200.0,73700.0,75000.0,73500.0,1254926.0
400,2019.08.09,73300.0,1000.0,73200.0,74100.0,72300.0,2100380.0
401,2019.08.08,72300.0,1000.0,73600.0,74500.0,72000.0,2943206.0
402,2019.08.07,73300.0,1300.0,72000.0,74300.0,72000.0,2692841.0
403,2019.08.06,72000.0,3400.0,73100.0,73900.0,71900.0,5008247.0
406,2019.08.05,75400.0,700.0,75500.0,76000.0,74900.0,2889902.0
407,2019.08.02,76100.0,1600.0,75400.0,76800.0,74900.0,4845952.0
408,2019.08.01,77700.0,800.0,75300.0,78700.0,75300.0,3397831.0
409,2019.07.31,76900.0,2000.0,78000.0,79100.0,75300.0,3712241.0
410,2019.07.30,78900.0,1900.0,78200.0,80000.0,77700.0,2371300.0
414,2019.07.29,77000.0,2800.0,79000.0,79400.0,76500.0,2616782.0
415,2019.07.26,79800.0,600.0,78100.0,80300.0,78000.0,3095260.0
416,2019.07.25,79200.0,1600.0,79700.0,80400.0,77700.0,3963383.0
417,2019.07.24,77600.0,1200.0,78800.0,80200.0,77100.0,3562342.0
418,2019.07.23,78800.0,400.0,79700.0,80700.0,78200.0,4814941.0
421,2019.07.22,78400.0,1600.0,77800.0,79200.0,77000.0,3213786.0
422,2019.07.19,76800.0,2100.0,75900.0,77000.0,75600.0,2635348.0
423,2019.07.18,74700.0,100.0,74300.0,75200.0,73900.0,1902110.0
424,2019.07.17,74600.0,1500.0,74600.0,75200.0,74000.0,2805672.0
425,2019.07.16,76100.0,100.0,74800.0,76500.0,74800.0,2450278.0
429,2019.07.15,76200.0,1500.0,74500.0,76500.0,74400.0,2122090.0
430,2019.07.12,74700.0,800.0,75600.0,75800.0,74400.0,2638271.0
431,2019.07.11,75500.0,2600.0,74000.0,75500.0,74000.0,5111929.0
432,2019.07.10,72900.0,3100.0,71500.0,73400.0,71000.0,4346179.0
433,2019.07.09,69800.0,2400.0,68400.0,70500.0,67900.0,2912514.0
436,2019.07.08,67400.0,1000.0,66400.0,68000.0,66200.0,2202260.0
437,2019.07.05,68400.0,1800.0,70300.0,71000.0,68400.0,2043271.0
438,2019.07.04,70200.0,1100.0,69600.0,70700.0,69300.0,1503707.0
439,2019.07.03,69100.0,2300.0,71100.0,71700.0,69000.0,2790684.0
440,2019.07.02,71400.0,1400.0,69700.0,71700.0,69100.0,2495399.0
444,2019.07.01,70000.0,500.0,71000.0,71000.0,69700.0,3538183.0
445,2019.06.28,69500.0,700.0,70900.0,70900.0,68400.0,3117569.0
446,2019.06.27,70200.0,1300.0,70100.0,71600.0,69700.0,5361201.0
447,2019.06.26,68900.0,2200.0,68300.0,69600.0,67900.0,5024201.0
448,2019.06.25,66700.0,200.0,66700.0,67400.0,66300.0,1873766.0
451,2019.06.24,66900.0,1000.0,65900.0,67400.0,65600.0,2164462.0
452,2019.06.21,65900.0,1400.0,67100.0,67300.0,65900.0,2403002.0
453,2019.06.20,67300.0,100.0,67200.0,67400.0,66200.0,2773637.0
454,2019.06.19,67200.0,3800.0,65800.0,67300.0,65200.0,6230370.0
455,2019.06.18,63400.0,300.0,63800.0,64200.0,63300.0,1549497.0
459,2019.06.17,63700.0,600.0,62800.0,63800.0,62400.0,2435039.0
460,2019.06.14,63100.0,400.0,63200.0,64000.0,62600.0,3686472.0
461,2019.06.13,63500.0,2200.0,64900.0,65100.0,63300.0,5947811.0
462,2019.06.12,65700.0,1500.0,66800.0,67100.0,65700.0,2437640.0
463,2019.06.11,67200.0,400.0,66900.0,67800.0,66700.0,2429182.0
466,2019.06.10,66800.0,1400.0,66100.0,67000.0,65800.0,3091757.0
467,2019.06.07,65400.0,300.0,65200.0,66000.0,64600.0,2355869.0
468,2019.06.05,65100.0,0.0,66900.0,67600.0,64900.0,4832796.0
469,2019.06.04,65100.0,1500.0,66500.0,66700.0,65100.0,2892681.0
470,2019.06.03,66600.0,1300.0,65200.0,67200.0,64200.0,4020572.0
474,2019.05.31,65300.0,600.0,65900.0,66900.0,64700.0,3191350.0
475,2019.05.30,65900.0,200.0,66300.0,66900.0,65800.0,3023108.0
476,2019.05.29,66100.0,200.0,65600.0,66700.0,64900.0,6056903.0
477,2019.05.28,65900.0,1000.0,67200.0,68300.0,65900.0,12052399.0
478,2019.05.27,66900.0,700.0,67900.0,68200.0,66400.0,2214176.0
481,2019.05.24,67600.0,400.0,67300.0,68600.0,67000.0,3339145.0
482,2019.05.23,68000.0,900.0,68400.0,69100.0,67300.0,3108370.0
483,2019.05.22,68900.0,1400.0,71300.0,71300.0,68500.0,3128787.0
484,2019.05.21,70300.0,600.0,70500.0,72200.0,69700.0,3893536.0
485,2019.05.20,70900.0,700.0,71800.0,72800.0,70700.0,1970694.0
489,2019.05.17,71600.0,300.0,72500.0,73300.0,71400.0,2412668.0
490,2019.05.16,71900.0,2600.0,74400.0,75100.0,71600.0,3467027.0
491,2019.05.15,74500.0,100.0,74800.0,75100.0,73900.0,2056131.0
492,2019.05.14,74600.0,1100.0,72200.0,75100.0,71600.0,3712697.0
493,2019.05.13,73500.0,900.0,73900.0,75000.0,72800.0,3062929.0
496,2019.05.10,74400.0,1600.0,76100.0,76700.0,73400.0,5702537.0
497,2019.05.09,76000.0,4300.0,79600.0,79700.0,75200.0,5939278.0
498,2019.05.08,80300.0,400.0,78700.0,80500.0,78000.0,2731620.0
499,2019.05.07,79900.0,500.0,79200.0,80400.0,78700.0,2700371.0
500,2019.05.03,80400.0,300.0,81100.0,81300.0,80300.0,2481811.0
504,2019.05.02,80700.0,1700.0,79700.0,81200.0,79100.0,3092434.0
505,2019.04.30,79000.0,1000.0,79400.0,80700.0,78100.0,2960242.0
506,2019.04.29,80000.0,1400.0,78700.0,80100.0,78200.0,2987384.0
507,2019.04.26,78600.0,1600.0,78500.0,79900.0,77600.0,5183181.0
508,2019.04.25,80200.0,1700.0,78400.0,81500.0,78100.0,5586360.0
511,2019.04.24,78500.0,2500.0,81500.0,81500.0,77500.0,5318487.0
512,2019.04.23,81000.0,500.0,81000.0,81800.0,80400.0,1779318.0
513,2019.04.22,80500.0,1300.0,81500.0,81800.0,79900.0,1887109.0
514,2019.04.19,81800.0,2600.0,80500.0,82400.0,80100.0,3040186.0
515,2019.04.18,79200.0,1000.0,80800.0,81200.0,78500.0,3295697.0
519,2019.04.17,80200.0,200.0,81000.0,82300.0,80000.0,2886956.0
520,2019.04.16,80400.0,700.0,79900.0,80800.0,79100.0,2206997.0
521,2019.04.15,79700.0,1600.0,79000.0,79900.0,78600.0,2019931.0
522,2019.04.12,78100.0,300.0,77400.0,78800.0,77400.0,2317264.0
523,2019.04.11,78400.0,200.0,79200.0,79500.0,78000.0,2614388.0
526,2019.04.10,78600.0,800.0,76700.0,78800.0,76200.0,2689591.0
527,2019.04.09,77800.0,100.0,77700.0,78700.0,77400.0,2322860.0
528,2019.04.08,77900.0,1100.0,78900.0,79200.0,77600.0,2663493.0
529,2019.04.05,79000.0,600.0,78200.0,79300.0,77900.0,2191720.0
530,2019.04.04,78400.0,1500.0,80400.0,81400.0,77800.0,5436236.0
534,2019.04.03,79900.0,3500.0,76800.0,79900.0,76500.0,4674142.0
535,2019.04.02,76400.0,200.0,77900.0,78000.0,76100.0,2719440.0
536,2019.04.01,76600.0,2400.0,75600.0,77100.0,75500.0,3579070.0
537,2019.03.29,74200.0,1900.0,72900.0,74900.0,72700.0,3214170.0
538,2019.03.28,72300.0,1100.0,72300.0,73600.0,71700.0,2774932.0
541,2019.03.27,73400.0,700.0,71800.0,74100.0,71200.0,2744175.0
542,2019.03.26,72700.0,200.0,72900.0,73300.0,71500.0,2987678.0
543,2019.03.25,72900.0,3200.0,73700.0,74200.0,72600.0,3752230.0
544,2019.03.22,76100.0,200.0,78900.0,78900.0,75900.0,5286455.0
545,2019.03.21,75900.0,5400.0,73500.0,76000.0,72600.0,10030131.0
549,2019.03.20,70500.0,2500.0,68400.0,70600.0,67600.0,3642962.0
550,2019.03.19,68000.0,200.0,67300.0,68000.0,66600.0,2285169.0
551,2019.03.18,67800.0,300.0,69200.0,69300.0,67300.0,2158588.0
552,2019.03.15,68100.0,800.0,67400.0,68700.0,66700.0,3645592.0
553,2019.03.14,67300.0,500.0,67400.0,67400.0,66400.0,3107100.0
556,2019.03.13,66800.0,900.0,67700.0,67800.0,65900.0,2851596.0
557,2019.03.12,67700.0,1100.0,67700.0,68600.0,67500.0,2753535.0
558,2019.03.11,66600.0,100.0,67000.0,67800.0,66200.0,2869008.0
559,2019.03.08,66700.0,1400.0,67900.0,68200.0,66200.0,3571792.0
560,2019.03.07,68100.0,0.0,67200.0,68900.0,67100.0,3402570.0
564,2019.03.06,68100.0,1600.0,68500.0,69600.0,67400.0,4958303.0
565,2019.03.05,69700.0,400.0,68300.0,70000.0,68300.0,3465521.0
566,2019.03.04,70100.0,100.0,70300.0,71400.0,69900.0,4931703.0
567,2019.02.28,70000.0,3700.0,72500.0,72600.0,69900.0,7869451.0
568,2019.02.27,73700.0,1500.0,75300.0,75700.0,73700.0,2864044.0
571,2019.02.26,75200.0,200.0,75000.0,75900.0,74100.0,2483512.0
572,2019.02.25,75400.0,1300.0,77300.0,77600.0,74800.0,2865712.0
573,2019.02.22,76700.0,0.0,75600.0,76700.0,75300.0,1882653.0
574,2019.02.21,76700.0,1000.0,75300.0,77200.0,74600.0,2874589.0
575,2019.02.20,75700.0,2000.0,73700.0,76000.0,73600.0,3134257.0
579,2019.02.19,73700.0,1000.0,74500.0,74800.0,73000.0,1462071.0
580,2019.02.18,74700.0,900.0,74300.0,75300.0,74000.0,1772434.0
581,2019.02.15,73800.0,3600.0,76800.0,76900.0,73800.0,4154616.0
582,2019.02.14,77400.0,1200.0,75800.0,77400.0,75100.0,2313376.0
583,2019.02.13,76200.0,300.0,77300.0,77600.0,76100.0,2378193.0
586,2019.02.12,75900.0,1800.0,74100.0,76400.0,73900.0,3526701.0
587,2019.02.11,74100.0,600.0,73000.0,74100.0,72200.0,3374192.0
588,2019.02.08,73500.0,3200.0,75200.0,75500.0,73000.0,4012485.0
589,2019.02.07,76700.0,800.0,77500.0,78200.0,76600.0,4249110.0
590,2019.02.01,75900.0,2000.0,75400.0,76400.0,74700.0,3349965.0
594,2019.01.31,73900.0,2000.0,76900.0,77100.0,73700.0,4447535.0
595,2019.01.30,75900.0,2500.0,73500.0,76300.0,73000.0,5304841.0
596,2019.01.29,73400.0,1600.0,71400.0,73800.0,71000.0,3368642.0
597,2019.01.28,71800.0,2800.0,74700.0,74900.0,71200.0,4972189.0
598,2019.01.25,74600.0,4100.0,71600.0,74800.0,71100.0,7163871.0
601,2019.01.24,70500.0,3700.0,66900.0,70500.0,66900.0,6914092.0
602,2019.01.23,66800.0,200.0,65500.0,67200.0,64800.0,2825017.0
603,2019.01.22,66600.0,400.0,67900.0,68000.0,65700.0,4047917.0
604,2019.01.21,67000.0,2400.0,65900.0,67400.0,65000.0,3977425.0
605,2019.01.18,64600.0,300.0,65000.0,65700.0,63900.0,2263599.0
609,2019.01.17,64900.0,100.0,65500.0,66200.0,64600.0,2830122.0
610,2019.01.16,64800.0,800.0,63800.0,64900.0,62700.0,2478497.0
611,2019.01.15,64000.0,1900.0,62200.0,64000.0,62200.0,2413868.0
612,2019.01.14,62100.0,3000.0,64300.0,65100.0,62000.0,3282892.0
613,2019.01.11,65100.0,200.0,65400.0,65900.0,64200.0,2890639.0
616,2019.01.10,65300.0,1700.0,64100.0,65600.0,64000.0,6034432.0
617,2019.01.09,63600.0,4400.0,59600.0,63800.0,59400.0,4928656.0
618,2019.01.08,59200.0,500.0,57900.0,60500.0,57600.0,3062192.0
619,2019.01.07,58700.0,400.0,59000.0,59700.0,58400.0,2273750.0
620,2019.01.04,58300.0,600.0,57500.0,58500.0,56700.0,3388087.0
624,2019.01.03,57700.0,2900.0,60200.0,60300.0,57500.0,3337621.0
625,2019.01.02,60600.0,100.0,61300.0,61400.0,60000.0,1934295.0
626,2018.12.28,60500.0,1100.0,61700.0,62300.0,60500.0,1647462.0
627,2018.12.27,61600.0,1500.0,61600.0,61900.0,60600.0,3047798.0
628,2018.12.26,60100.0,300.0,59400.0,60800.0,59300.0,2455060.0
631,2018.12.24,60400.0,400.0,59600.0,60700.0,59200.0,2101703.0
632,2018.12.21,60000.0,1400.0,58200.0,60500.0,58200.0,3946994.0
633,2018.12.20,58600.0,1700.0,59300.0,59400.0,58100.0,4889709.0
634,2018.12.19,60300.0,800.0,60800.0,61000.0,59700.0,3561783.0
635,2018.12.18,61100.0,1100.0,61000.0,61900.0,60800.0,3098206.0
639,2018.12.17,62200.0,400.0,61600.0,62500.0,61000.0,2506287.0
640,2018.12.14,61800.0,3700.0,65200.0,65300.0,61200.0,5617675.0
641,2018.12.13,65500.0,700.0,66300.0,66400.0,64800.0,4062323.0
642,2018.12.12,66200.0,1300.0,65000.0,66200.0,64900.0,2901875.0
643,2018.12.11,64900.0,600.0,66000.0,66600.0,64800.0,2457332.0
646,2018.12.10,65500.0,1300.0,65900.0,65900.0,64700.0,2206084.0
647,2018.12.07,66800.0,800.0,66700.0,67400.0,66600.0,2590733.0
648,2018.12.06,66000.0,2200.0,67800.0,68200.0,65700.0,3902275.0
649,2018.12.05,68200.0,800.0,67200.0,68800.0,67200.0,3008950.0
650,2018.12.04,69000.0,1500.0,69900.0,70400.0,68400.0,3222060.0
654,2018.12.03,70500.0,900.0,71000.0,71100.0,69800.0,2760290.0
655,2018.11.30,69600.0,1900.0,71500.0,71600.0,68800.0,4167055.0
656,2018.11.29,71500.0,400.0,73700.0,73700.0,71200.0,3270078.0
657,2018.11.28,71900.0,1100.0,71000.0,72000.0,70700.0,2441991.0
658,2018.11.27,70800.0,100.0,71100.0,71200.0,69700.0,2293763.0
661,2018.11.26,70900.0,1600.0,69200.0,71300.0,69000.0,2361766.0
662,2018.11.23,69300.0,0.0,69500.0,69700.0,68400.0,1499166.0
663,2018.11.22,69300.0,1200.0,68100.0,69700.0,68000.0,1966126.0
664,2018.11.21,68100.0,600.0,66900.0,68300.0,66100.0,3100596.0
665,2018.11.20,67500.0,2300.0,67000.0,68200.0,67000.0,3325563.0
669,2018.11.19,69800.0,300.0,69600.0,70500.0,68900.0,2303677.0
670,2018.11.16,70100.0,1700.0,72600.0,72900.0,70000.0,2894513.0
671,2018.11.15,71800.0,1400.0,70800.0,71800.0,70400.0,1564647.0
672,2018.11.14,70400.0,1500.0,71400.0,72100.0,70200.0,2783377.0
673,2018.11.13,71900.0,2600.0,72300.0,72500.0,69900.0,4730929.0
676,2018.11.12,74500.0,1600.0,72200.0,74500.0,71800.0,3328433.0
677,2018.11.09,72900.0,0.0,72400.0,73600.0,71900.0,3414946.0
678,2018.11.08,72900.0,2100.0,72900.0,73300.0,72600.0,3930969.0
679,2018.11.07,70800.0,700.0,70400.0,72300.0,70100.0,3770119.0
680,2018.11.06,70100.0,400.0,70500.0,70600.0,69100.0,2624868.0
684,2018.11.05,70500.0,2100.0,72000.0,72100.0,70100.0,3389386.0
685,2018.11.02,72600.0,4300.0,70600.0,72800.0,69100.0,5334082.0
686,2018.11.01,68300.0,100.0,68900.0,69600.0,67800.0,3218076.0
687,2018.10.31,68200.0,0.0,69300.0,70400.0,67600.0,5038931.0
688,2018.10.30,68200.0,1400.0,66000.0,70900.0,65900.0,6101533.0
691,2018.10.29,66800.0,200.0,66600.0,67800.0,64800.0,4252977.0
692,2018.10.26,67000.0,2300.0,65100.0,67100.0,62900.0,6211406.0
693,2018.10.25,64700.0,2000.0,64700.0,66000.0,63200.0,5859332.0
694,2018.10.24,66700.0,2400.0,69400.0,69600.0,65800.0,5703361.0
695,2018.10.23,69100.0,900.0,69600.0,70000.0,68600.0,3175869.0
699,2018.10.22,70000.0,800.0,69600.0,70900.0,69600.0,2377240.0
700,2018.10.19,70800.0,2100.0,68100.0,70900.0,67800.0,2688930.0
701,2018.10.18,68700.0,1700.0,69600.0,69900.0,68700.0,2849229.0
702,2018.10.17,70400.0,700.0,71400.0,71700.0,70300.0,2653053.0
703,2018.10.16,69700.0,600.0,70300.0,71000.0,69600.0,2211661.0
706,2018.10.15,70300.0,2100.0,71600.0,71700.0,69900.0,3727297.0
707,2018.10.12,72400.0,3400.0,69200.0,73200.0,69200.0,4882184.0
708,2018.10.11,69000.0,1300.0,67600.0,70200.0,67500.0,4936490.0
709,2018.10.10,70300.0,900.0,70300.0,71100.0,69800.0,4161114.0
710,2018.10.08,71200.0,900.0,69500.0,71800.0,69400.0,2856291.0
714,2018.10.05,70300.0,300.0,69700.0,71100.0,69400.0,5508014.0
715,2018.10.04,70000.0,1700.0,71700.0,72200.0,69800.0,5778810.0
716,2018.10.02,71700.0,2000.0,73600.0,74000.0,71600.0,4089558.0
717,2018.10.01,73700.0,600.0,74300.0,74600.0,73200.0,2970456.0
718,2018.09.28,73100.0,1900.0,75300.0,75900.0,73100.0,5824873.0
721,2018.09.27,75000.0,1700.0,75900.0,75900.0,74700.0,5841083.0
722,2018.09.21,76700.0,2400.0,77100.0,77500.0,76300.0,5678068.0
723,2018.09.20,79100.0,300.0,78600.0,79900.0,78000.0,3392490.0
724,2018.09.19,78800.0,800.0,79400.0,79700.0,78400.0,2912259.0
725,2018.09.18,78000.0,800.0,76600.0,78300.0,76100.0,2450163.0
729,2018.09.17,77200.0,500.0,78000.0,78200.0,76700.0,2252063.0
730,2018.09.14,77700.0,3200.0,76100.0,77800.0,76000.0,4124842.0
731,2018.09.13,74500.0,600.0,74300.0,75200.0,73900.0,5257563.0
732,2018.09.12,75100.0,1500.0,76200.0,76200.0,74700.0,4330147.0
733,2018.09.11,76600.0,100.0,76400.0,77800.0,76300.0,3197796.0
736,2018.09.10,76500.0,600.0,75900.0,77100.0,75500.0,4167711.0
737,2018.09.07,75900.0,2900.0,74500.0,76200.0,74100.0,8388278.0
738,2018.09.06,78800.0,1200.0,78300.0,78900.0,77400.0,4516654.0
739,2018.09.05,80000.0,1200.0,80600.0,81000.0,79900.0,2627619.0
740,2018.09.04,81200.0,600.0,80600.0,81600.0,80200.0,1903734.0
744,2018.09.03,80600.0,2400.0,82200.0,82800.0,80500.0,2618619.0
745,2018.08.31,83000.0,300.0,81800.0,83000.0,81800.0,2303812.0
746,2018.08.30,82700.0,100.0,82200.0,83500.0,81500.0,2337573.0
747,2018.08.29,82800.0,400.0,82500.0,83300.0,81600.0,2330703.0
748,2018.08.28,82400.0,1100.0,84100.0,84300.0,81900.0,4466308.0
751,2018.08.27,83500.0,1700.0,82100.0,83800.0,81600.0,3070598.0
752,2018.08.24,81800.0,700.0,80400.0,82200.0,79600.0,3612709.0
753,2018.08.23,81100.0,1300.0,80300.0,81300.0,79300.0,3272130.0
754,2018.08.22,79800.0,1400.0,79300.0,80900.0,78200.0,5295710.0
755,2018.08.21,78400.0,3700.0,74800.0,78700.0,74400.0,5663191.0
759,2018.08.20,74700.0,200.0,74700.0,75400.0,74400.0,2048829.0
760,2018.08.17,74500.0,200.0,74400.0,75500.0,74100.0,2647963.0
761,2018.08.16,74700.0,1200.0,73500.0,75400.0,72500.0,5550888.0
762,2018.08.14,75900.0,500.0,75900.0,76600.0,75500.0,3206407.0
763,2018.08.13,75400.0,300.0,74300.0,75700.0,74100.0,3734794.0
766,2018.08.10,75100.0,2900.0,77200.0,77600.0,74600.0,6785694.0
767,2018.08.09,78000.0,1800.0,80100.0,80300.0,77500.0,5587662.0
768,2018.08.08,79800.0,900.0,81500.0,81600.0,79400.0,2804784.0
769,2018.08.07,80700.0,1300.0,80100.0,80800.0,79700.0,3288142.0
770,2018.08.06,79400.0,3900.0,82200.0,82300.0,79300.0,5910100.0
774,2018.08.03,83300.0,100.0,84000.0,84100.0,83100.0,1928574.0
775,2018.08.02,83200.0,2400.0,85000.0,85600.0,82900.0,3373964.0
776,2018.08.01,85600.0,700.0,85900.0,86400.0,85100.0,2265008.0
777,2018.07.31,86300.0,400.0,85200.0,86300.0,84500.0,2804543.0
778,2018.07.30,85900.0,200.0,86200.0,86400.0,85100.0,2301941.0
781,2018.07.27,86100.0,3000.0,83700.0,86400.0,83100.0,4943923.0
782,2018.07.26,83100.0,2600.0,81300.0,83800.0,78600.0,6218102.0
783,2018.07.25,80500.0,3100.0,83400.0,84000.0,80200.0,4154596.0
784,2018.07.24,83600.0,1900.0,82500.0,83800.0,81700.0,4023740.0
785,2018.07.23,81700.0,6200.0,86300.0,86400.0,81200.0,7076375.0
789,2018.07.20,87900.0,2400.0,89700.0,90000.0,87200.0,3726334.0
790,2018.07.19,90300.0,1000.0,90400.0,91200.0,90300.0,2383489.0
791,2018.07.18,89300.0,700.0,89700.0,91000.0,89100.0,1937496.0
792,2018.07.17,88600.0,700.0,90100.0,90200.0,88500.0,1570129.0
793,2018.07.16,89300.0,500.0,88700.0,89300.0,87800.0,1896459.0
796,2018.07.13,88800.0,3200.0,86500.0,90100.0,86500.0,4535954.0
797,2018.07.12,85600.0,1200.0,86800.0,87000.0,85400.0,3032951.0
798,2018.07.11,86800.0,500.0,86500.0,87600.0,85900.0,2037358.0
799,2018.07.10,87300.0,300.0,88400.0,88600.0,86700.0,2002682.0
800,2018.07.09,87600.0,2300.0,85300.0,87600.0,85300.0,2127205.0
804,2018.07.06,85300.0,900.0,86200.0,86200.0,83600.0,3482186.0
805,2018.07.05,86200.0,1200.0,85000.0,87300.0,85000.0,2059342.0
806,2018.07.04,85000.0,1100.0,87800.0,87800.0,84400.0,2744382.0
807,2018.07.03,86100.0,2400.0,85000.0,86500.0,84500.0,2817592.0
808,2018.07.02,83700.0,2000.0,85000.0,86000.0,83400.0,2033542.0
811,2018.06.29,85700.0,2200.0,83500.0,85700.0,83400.0,3003603.0
812,2018.06.28,83500.0,1700.0,83000.0,84000.0,82500.0,3838303.0
813,2018.06.27,85200.0,900.0,85700.0,86400.0,85200.0,3798356.0
814,2018.06.26,84300.0,500.0,82500.0,84800.0,82400.0,5518522.0
815,2018.06.25,84800.0,4700.0,88800.0,88800.0,84600.0,4420542.0
819,2018.06.22,89500.0,1000.0,87300.0,89500.0,86700.0,2569978.0
820,2018.06.21,88500.0,700.0,88900.0,89300.0,87500.0,3274612.0
821,2018.06.20,87800.0,3700.0,85800.0,88100.0,85000.0,4183210.0
822,2018.06.19,84100.0,100.0,84100.0,86100.0,83700.0,3824878.0
823,2018.06.18,84000.0,3000.0,86800.0,86900.0,82300.0,4723914.0
826,2018.06.15,87000.0,700.0,87400.0,87800.0,86100.0,2945006.0
827,2018.06.14,86300.0,2100.0,88300.0,88300.0,86300.0,4646948.0
828,2018.06.12,88400.0,800.0,89900.0,90100.0,88200.0,1876012.0
829,2018.06.11,89200.0,800.0,88800.0,90200.0,88100.0,2535933.0
830,2018.06.08,88400.0,2500.0,91000.0,91000.0,87600.0,4579508.0
834,2018.06.07,90900.0,100.0,92700.0,92700.0,90600.0,2754947.0
835,2018.06.05,91000.0,1200.0,89800.0,91300.0,89800.0,2758383.0
836,2018.06.04,89800.0,1600.0,91000.0,92400.0,89700.0,3141036.0
837,2018.06.01,91400.0,2000.0,90800.0,92200.0,89600.0,4790644.0
838,2018.05.31,93400.0,1600.0,94500.0,94700.0,92800.0,5996671.0
841,2018.05.30,95000.0,200.0,94800.0,95700.0,92800.0,3808299.0
842,2018.05.29,94800.0,300.0,94600.0,96100.0,93500.0,2733549.0
843,2018.05.28,94500.0,700.0,94600.0,95600.0,93700.0,2505786.0
844,2018.05.25,95200.0,600.0,94300.0,97700.0,93900.0,4145819.0
845,2018.05.24,94600.0,700.0,95300.0,95900.0,94600.0,3220029.0
849,2018.05.23,95300.0,6200.0,91900.0,95500.0,91500.0,10378915.0
850,2018.05.21,89100.0,1200.0,88400.0,89400.0,87400.0,3262983.0
851,2018.05.18,87900.0,1200.0,87200.0,88000.0,85400.0,2187789.0
852,2018.05.17,86700.0,300.0,88400.0,88700.0,86000.0,2864278.0
853,2018.05.16,87000.0,2400.0,85000.0,87000.0,84800.0,3040180.0
856,2018.05.15,84600.0,800.0,86000.0,86000.0,83900.0,2239370.0
857,2018.05.14,85400.0,700.0,86100.0,86300.0,84500.0,1959236.0
858,2018.05.11,86100.0,300.0,86600.0,86800.0,85400.0,2107047.0
859,2018.05.10,85800.0,2400.0,85400.0,85800.0,84500.0,3274963.0
860,2018.05.09,83400.0,100.0,84300.0,84700.0,83100.0,2284106.0
864,2018.05.08,83500.0,500.0,84500.0,85300.0,83200.0,2979605.0
865,2018.05.04,83000.0,100.0,83500.0,84100.0,82600.0,2696141.0
866,2018.05.03,82900.0,200.0,83200.0,83900.0,82800.0,2362792.0
867,2018.05.02,83100.0,1400.0,85900.0,86000.0,82900.0,5444240.0
868,2018.04.30,84500.0,2600.0,85400.0,85700.0,84000.0,4653153.0
871,2018.04.27,87100.0,600.0,88500.0,88800.0,86800.0,4961867.0
872,2018.04.26,86500.0,4100.0,83800.0,87100.0,83300.0,7551747.0
873,2018.04.25,82400.0,300.0,81600.0,83000.0,80900.0,3845661.0
874,2018.04.24,82100.0,2300.0,83300.0,83400.0,80400.0,6804182.0
875,2018.04.23,84400.0,0.0,83400.0,85300.0,83300.0,3002461.0
879,2018.04.20,84400.0,3500.0,85900.0,86300.0,84000.0,4590640.0
880,2018.04.19,87900.0,3300.0,85800.0,88200.0,85300.0,5901782.0
881,2018.04.18,84600.0,1800.0,84100.0,85400.0,83700.0,3375376.0
882,2018.04.17,82800.0,1200.0,83900.0,84000.0,82300.0,2501282.0
883,2018.04.16,84000.0,200.0,84200.0,84700.0,83400.0,1489091.0
886,2018.04.13,84200.0,200.0,85000.0,85900.0,83900.0,3032369.0
887,2018.04.12,84000.0,2800.0,81900.0,85100.0,81500.0,5725102.0
888,2018.04.11,81200.0,800.0,82400.0,82400.0,81000.0,3053453.0
889,2018.04.10,80400.0,200.0,80000.0,80800.0,79200.0,2924054.0
890,2018.04.09,80600.0,300.0,80000.0,81200.0,79300.0,3231256.0
894,2018.04.06,80300.0,2600.0,80000.0,80600.0,79300.0,5693281.0
895,2018.04.05,82900.0,2500.0,82200.0,83200.0,81200.0,3255356.0
896,2018.04.04,80400.0,1400.0,82500.0,83000.0,80000.0,2964537.0
897,2018.04.03,81800.0,500.0,80300.0,81800.0,78700.0,3553815.0
898,2018.04.02,81300.0,0.0,81700.0,82800.0,81100.0,2342407.0
901,2018.03.30,81300.0,1000.0,81200.0,83300.0,81100.0,3681673.0
902,2018.03.29,80300.0,0.0,80800.0,81300.0,79600.0,3618849.0
903,2018.03.28,80300.0,1100.0,79900.0,82200.0,79600.0,4820673.0
904,2018.03.27,81400.0,2600.0,84700.0,84800.0,80100.0,7184488.0
905,2018.03.26,84000.0,900.0,82300.0,84000.0,81000.0,6121334.0
909,2018.03.23,83100.0,5500.0,85100.0,86400.0,82800.0,7310739.0
910,2018.03.22,88600.0,200.0,88800.0,89300.0,88000.0,2698169.0
911,2018.03.21,88400.0,1200.0,89600.0,90300.0,88000.0,2942484.0
912,2018.03.20,89600.0,300.0,88900.0,89700.0,88000.0,3083666.0
913,2018.03.19,89900.0,100.0,90200.0,91500.0,89500.0,3743718.0
916,2018.03.16,89800.0,200.0,88500.0,89900.0,87200.0,5006430.0
917,2018.03.15,89600.0,1100.0,90300.0,90500.0,88600.0,4106667.0
918,2018.03.14,90700.0,700.0,89300.0,90900.0,89200.0,5939290.0
919,2018.03.13,90000.0,5100.0,88000.0,90000.0,87600.0,8775741.0
920,2018.03.12,84900.0,1600.0,84900.0,85600.0,84300.0,2744795.0
924,2018.03.09,83300.0,200.0,84400.0,85900.0,83100.0,5159197.0
925,2018.03.08,83500.0,800.0,83900.0,84300.0,81800.0,4440076.0
926,2018.03.07,82700.0,300.0,83600.0,83900.0,82400.0,4992841.0
927,2018.03.06,82400.0,4100.0,80100.0,82500.0,80000.0,7588369.0
928,2018.03.05,78300.0,900.0,77500.0,78900.0,77100.0,3415061.0
931,2018.03.02,77400.0,600.0,76300.0,77800.0,75900.0,2673152.0
932,2018.02.28,76800.0,1900.0,78600.0,79200.0,76600.0,3102987.0
933,2018.02.27,78700.0,1200.0,78700.0,79200.0,78400.0,3395415.0
934,2018.02.26,77500.0,200.0,78300.0,78500.0,77200.0,2327486.0
935,2018.02.23,77300.0,1400.0,76100.0,77600.0,76000.0,2404473.0
939,2018.02.22,75900.0,1000.0,76100.0,77400.0,75700.0,1879461.0
940,2018.02.21,76900.0,1400.0,75800.0,77200.0,75800.0,2653870.0
941,2018.02.20,75500.0,1000.0,76400.0,76500.0,75200.0,2507719.0
942,2018.02.19,76500.0,1100.0,78900.0,79000.0,76100.0,3350577.0
943,2018.02.14,77600.0,100.0,78400.0,79500.0,77000.0,3943628.0
946,2018.02.13,77700.0,3200.0,75900.0,77800.0,75800.0,7814367.0
947,2018.02.12,74500.0,1100.0,73700.0,74700.0,73400.0,3317876.0
948,2018.02.09,73400.0,500.0,72100.0,74200.0,72000.0,5118112.0
949,2018.02.08,73900.0,2800.0,71900.0,74200.0,71600.0,5586858.0
950,2018.02.07,71100.0,900.0,73700.0,73800.0,70800.0,6007913.0
954,2018.02.06,70200.0,0.0,69100.0,71300.0,68200.0,5679965.0
955,2018.02.05,70200.0,2000.0,70200.0,70900.0,69800.0,4058439.0
956,2018.02.02,72200.0,2200.0,74500.0,74600.0,71800.0,4343077.0
957,2018.02.01,74400.0,900.0,74900.0,75200.0,74000.0,2987816.0
958,2018.01.31,73500.0,400.0,72200.0,74500.0,72200.0,5800892.0
961,2018.01.30,73100.0,2200.0,74300.0,74600.0,73100.0,5443314.0
962,2018.01.29,75300.0,200.0,76500.0,77000.0,75000.0,3618328.0
963,2018.01.26,75500.0,300.0,76400.0,76400.0,74200.0,4296170.0
964,2018.01.25,75800.0,3400.0,73400.0,76200.0,72300.0,8758929.0
965,2018.01.24,72400.0,1100.0,71600.0,73200.0,71500.0,3802939.0
969,2018.01.23,71300.0,200.0,71800.0,72200.0,70900.0,4671451.0
970,2018.01.22,71100.0,2200.0,72800.0,72800.0,70700.0,5610463.0
971,2018.01.19,73300.0,1900.0,75300.0,75800.0,73000.0,3898397.0
972,2018.01.18,75200.0,1100.0,75800.0,76800.0,74600.0,6199800.0
973,2018.01.17,74100.0,300.0,74400.0,75000.0,73700.0,3256624.0
976,2018.01.16,74400.0,1700.0,72700.0,74700.0,72700.0,4383229.0
977,2018.01.15,72700.0,1700.0,73700.0,74100.0,72500.0,3541267.0
978,2018.01.12,74400.0,1800.0,73300.0,74500.0,72000.0,5659087.0
979,2018.01.11,72600.0,300.0,73200.0,73800.0,72000.0,3777867.0
980,2018.01.10,72900.0,4000.0,76700.0,76700.0,72500.0,9123901.0
984,2018.01.09,76900.0,1300.0,78300.0,78900.0,76300.0,3343874.0
985,2018.01.08,78200.0,1100.0,79500.0,80000.0,77400.0,2960495.0
986,2018.01.05,79300.0,2200.0,78400.0,79400.0,78300.0,3395065.0
987,2018.01.04,77100.0,600.0,78700.0,79700.0,77100.0,3729328.0
988,2018.01.03,77700.0,1100.0,78100.0,78800.0,77300.0,3097644.0
991,2018.01.02,76600.0,100.0,77300.0,77300.0,76200.0,2014838.0
992,2017.12.28,76500.0,1400.0,75400.0,76700.0,75200.0,2825939.0
993,2017.12.27,75100.0,1100.0,75400.0,76400.0,74400.0,4291492.0
994,2017.12.26,74000.0,2700.0,76600.0,76900.0,74000.0,6253943.0
995,2017.12.22,76700.0,300.0,76400.0,77400.0,76300.0,3382954.0
999,2017.12.21,77000.0,3100.0,80200.0,80600.0,76900.0,4831110.0
1000,2017.12.20,80100.0,100.0,80900.0,81600.0,79900.0,4375810.0
1001,2017.12.19,80200.0,3000.0,78400.0,80800.0,78200.0,6782210.0
1002,2017.12.18,77200.0,1500.0,76200.0,77300.0,75900.0,3237589.0
1003,2017.12.15,75700.0,300.0,77100.0,77400.0,75600.0,3374982.0
1006,2017.12.14,76000.0,800.0,77200.0,77600.0,76000.0,5552560.0
1007,2017.12.13,76800.0,1000.0,77400.0,77500.0,76200.0,3485920.0
1008,2017.12.12,77800.0,900.0,79000.0,79000.0,77100.0,3746347.0
1009,2017.12.11,78700.0,0.0,79000.0,79500.0,78000.0,2493176.0
1010,2017.12.08,78700.0,2700.0,77500.0,78900.0,76900.0,3660716.0
1014,2017.12.07,76000.0,1500.0,78300.0,78300.0,75600.0,5166136.0
1015,2017.12.06,77500.0,400.0,78700.0,79500.0,77200.0,3934238.0
1016,2017.12.05,77900.0,1200.0,77600.0,79300.0,77100.0,3736568.0
1017,2017.12.04,79100.0,1700.0,77600.0,79200.0,76800.0,4115752.0
1018,2017.12.01,77400.0,600.0,77200.0,78800.0,77100.0,4340592.0
1021,2017.11.30,76800.0,5600.0,77000.0,79600.0,76800.0,11213748.0
1022,2017.11.29,82400.0,200.0,82900.0,83000.0,82100.0,2418748.0
1023,2017.11.28,82600.0,500.0,82900.0,83600.0,81200.0,4083144.0
1024,2017.11.27,83100.0,2000.0,86000.0,86700.0,82000.0,7105679.0
1025,2017.11.24,85100.0,400.0,84500.0,85400.0,83900.0,2073899.0
1029,2017.11.23,84700.0,2100.0,86200.0,86300.0,84500.0,2840382.0
1030,2017.11.22,86800.0,1800.0,86500.0,87700.0,86100.0,4592670.0
1031,2017.11.21,85000.0,2900.0,83200.0,85000.0,82800.0,5540888.0
1032,2017.11.20,82100.0,900.0,83300.0,83300.0,81800.0,2988991.0
1033,2017.11.17,83000.0,500.0,83300.0,84800.0,83000.0,4339090.0
1036,2017.11.16,82500.0,500.0,82300.0,82800.0,81200.0,3053355.0
1037,2017.11.15,82000.0,1400.0,83800.0,84200.0,81900.0,3207872.0
1038,2017.11.14,83400.0,1100.0,83000.0,84500.0,82900.0,3399976.0
1039,2017.11.13,82300.0,300.0,82000.0,83100.0,81800.0,2955651.0
1040,2017.11.10,82000.0,400.0,81300.0,82800.0,81000.0,2357772.0
1044,2017.11.09,82400.0,800.0,83200.0,83500.0,81600.0,3748489.0
1045,2017.11.08,83200.0,800.0,82100.0,84400.0,81800.0,3396387.0
1046,2017.11.07,82400.0,1100.0,82800.0,83300.0,82200.0,2993945.0
1047,2017.11.06,83500.0,900.0,83600.0,84100.0,83000.0,3131468.0
1048,2017.11.03,84400.0,1000.0,83400.0,84500.0,81900.0,4050123.0
1051,2017.11.02,83400.0,1900.0,85000.0,85100.0,83200.0,4464960.0
1052,2017.11.01,85300.0,3100.0,86000.0,86000.0,84000.0,7067296.0
1053,2017.10.31,82200.0,2400.0,80000.0,82700.0,79200.0,6620890.0
1054,2017.10.30,79800.0,1400.0,79600.0,81300.0,79100.0,5883529.0
1055,2017.10.27,78400.0,300.0,78100.0,78700.0,76500.0,8929263.0
1059,2017.10.26,78700.0,3000.0,80000.0,82000.0,78500.0,7528077.0
1060,2017.10.25,81700.0,100.0,82100.0,82600.0,80300.0,3914170.0
1061,2017.10.24,81800.0,2900.0,84000.0,84200.0,81600.0,5236092.0
1062,2017.10.23,84700.0,3500.0,82600.0,84700.0,82100.0,5388391.0
1063,2017.10.20,81200.0,2200.0,79800.0,82400.0,79600.0,6911051.0
1066,2017.10.19,79000.0,1900.0,79900.0,81800.0,79000.0,7675978.0
1067,2017.10.18,80900.0,2600.0,83200.0,83300.0,80000.0,9070685.0
1068,2017.10.17,83500.0,700.0,85700.0,86600.0,83500.0,6802500.0
1069,2017.10.16,84200.0,1900.0,86100.0,87100.0,82800.0,6985619.0
1070,2017.10.13,86100.0,2400.0,88500.0,88500.0,85600.0,6101810.0
1074,2017.10.12,88500.0,600.0,89200.0,89900.0,88100.0,4313702.0
1075,2017.10.11,89100.0,400.0,89900.0,90300.0,88100.0,5500820.0
1076,2017.10.10,88700.0,5800.0,86300.0,90000.0,85300.0,7956055.0
1077,2017.09.29,82900.0,300.0,83300.0,84300.0,82200.0,3579139.0
1078,2017.09.28,83200.0,800.0,84500.0,85500.0,82500.0,4817018.0
1081,2017.09.27,82400.0,300.0,83100.0,83800.0,81400.0,5029200.0
1082,2017.09.26,82100.0,4200.0,84100.0,85100.0,81000.0,11035272.0
1083,2017.09.25,86300.0,3200.0,83600.0,86300.0,83600.0,4656285.0
1084,2017.09.22,83100.0,0.0,82900.0,84300.0,82000.0,5970218.0
1085,2017.09.21,83100.0,2400.0,81100.0,83400.0,80400.0,6961713.0
1089,2017.09.20,80700.0,1500.0,79300.0,81200.0,78400.0,5268665.0
1090,2017.09.19,79200.0,500.0,80100.0,80500.0,78500.0,3934389.0
1091,2017.09.18,79700.0,2500.0,78200.0,80000.0,77700.0,3638325.0
1092,2017.09.15,77200.0,400.0,76100.0,77500.0,76000.0,2725277.0
1093,2017.09.14,76800.0,1100.0,76300.0,76800.0,75700.0,3366621.0
1096,2017.09.13,75700.0,1000.0,75000.0,77400.0,74300.0,5682708.0
1097,2017.09.12,74700.0,900.0,74800.0,74900.0,73500.0,3676865.0
1098,2017.09.11,73800.0,1200.0,73600.0,74200.0,73200.0,3321612.0
1099,2017.09.08,72600.0,1200.0,72000.0,72800.0,71500.0,2868673.0
1100,2017.09.07,71400.0,300.0,71600.0,72800.0,71200.0,3877849.0
1104,2017.09.06,71700.0,1800.0,69900.0,71900.0,69700.0,4476200.0
1105,2017.09.05,69900.0,1800.0,68600.0,70100.0,67900.0,4026248.0
1106,2017.09.04,68100.0,600.0,66600.0,68600.0,66600.0,3234465.0
1107,2017.09.01,68700.0,100.0,69000.0,69200.0,67700.0,2304425.0
1108,2017.08.31,68600.0,100.0,68900.0,69300.0,68200.0,2054717.0
1111,2017.08.30,68500.0,900.0,68300.0,68900.0,68100.0,2118742.0
1112,2017.08.29,67600.0,300.0,67300.0,67900.0,66400.0,2967906.0
1113,2017.08.28,67900.0,500.0,68000.0,68100.0,67100.0,1843458.0
1114,2017.08.25,68400.0,300.0,68300.0,68400.0,67600.0,1862764.0
1115,2017.08.24,68100.0,100.0,68200.0,68700.0,67500.0,2333347.0
1119,2017.08.23,68000.0,200.0,69000.0,69000.0,67600.0,3072911.0
1120,2017.08.22,68200.0,1000.0,67400.0,68200.0,67200.0,2208365.0
1121,2017.08.21,67200.0,200.0,67300.0,67800.0,66600.0,2570150.0
1122,2017.08.18,67000.0,600.0,64900.0,67300.0,64800.0,3130891.0
1123,2017.08.17,66400.0,300.0,66800.0,67300.0,66100.0,3709768.0
1126,2017.08.16,66100.0,1000.0,67200.0,67300.0,65800.0,4714899.0
1127,2017.08.14,65100.0,3700.0,63000.0,65100.0,62300.0,5239246.0
1128,2017.08.11,61400.0,3000.0,62000.0,63000.0,61400.0,6664578.0
1129,2017.08.10,64400.0,200.0,63700.0,64600.0,63200.0,4474120.0
1130,2017.08.09,64200.0,2100.0,65400.0,65400.0,64000.0,4037319.0
1134,2017.08.08,66300.0,2200.0,64900.0,66400.0,64800.0,4372768.0
1135,2017.08.07,64100.0,100.0,64000.0,65000.0,63700.0,3518575.0
1136,2017.08.04,64000.0,1500.0,65100.0,66100.0,63200.0,5938549.0
1137,2017.08.03,65500.0,2500.0,67900.0,67900.0,65200.0,4992104.0
1138,2017.08.02,68000.0,2500.0,67900.0,68200.0,66600.0,4161592.0
1141,2017.08.01,65500.0,500.0,65300.0,66500.0,64700.0,3744523.0
1142,2017.07.31,66000.0,1400.0,63700.0,66000.0,63700.0,4769724.0
1143,2017.07.28,64600.0,3800.0,67800.0,67900.0,64200.0,8093780.0
1144,2017.07.27,68400.0,1600.0,66800.0,69500.0,66800.0,6177375.0
1145,2017.07.26,66800.0,3600.0,69600.0,69900.0,66700.0,9659618.0
1149,2017.07.25,70400.0,2600.0,72900.0,73000.0,70100.0,6028435.0
1150,2017.07.24,73000.0,1800.0,71300.0,73000.0,71000.0,3598173.0
1151,2017.07.21,71200.0,100.0,70800.0,71300.0,70300.0,1599111.0
1152,2017.07.20,71300.0,300.0,71400.0,71700.0,70800.0,1647153.0
1153,2017.07.19,71000.0,200.0,71200.0,71200.0,70000.0,2009799.0
1156,2017.07.18,70800.0,400.0,70700.0,71800.0,70600.0,2066194.0
1157,2017.07.17,71200.0,100.0,71800.0,71900.0,70200.0,2804598.0
1158,2017.07.14,71100.0,500.0,71400.0,72200.0,70700.0,2931832.0
1159,2017.07.13,70600.0,1700.0,69500.0,71900.0,69200.0,5432312.0
1160,2017.07.12,68900.0,100.0,68700.0,69500.0,68400.0,3462150.0
1164,2017.07.11,69000.0,1700.0,67400.0,69000.0,66900.0,3187332.0
1165,2017.07.10,67300.0,700.0,67000.0,67500.0,65700.0,2667048.0
1166,2017.07.07,66600.0,1500.0,67600.0,68400.0,66100.0,3242213.0
1167,2017.07.06,68100.0,100.0,69000.0,69400.0,67500.0,4048922.0
1168,2017.07.05,68000.0,2200.0,65600.0,68200.0,65300.0,4557456.0
1171,2017.07.04,65800.0,500.0,65900.0,67100.0,65300.0,2895782.0
1172,2017.07.03,66300.0,1100.0,66500.0,66900.0,65500.0,3763473.0
1173,2017.06.30,67400.0,1100.0,67400.0,67800.0,67000.0,3230282.0
1174,2017.06.29,68500.0,1300.0,67900.0,68800.0,67100.0,3702501.0
1175,2017.06.28,67200.0,2000.0,68100.0,69200.0,66800.0,5520578.0
1179,2017.06.27,69200.0,1700.0,68200.0,69600.0,67000.0,4951341.0
1180,2017.06.26,67500.0,2500.0,65000.0,67500.0,65000.0,3516630.0
1181,2017.06.23,65000.0,0.0,64500.0,65400.0,63500.0,3189590.0
1182,2017.06.22,65000.0,200.0,66500.0,66500.0,64500.0,4977159.0
1183,2017.06.21,64800.0,800.0,63300.0,66300.0,62900.0,5650669.0
1186,2017.06.20,64000.0,1200.0,64700.0,65400.0,63700.0,6519471.0
1187,2017.06.19,62800.0,2300.0,61300.0,63200.0,61300.0,5315543.0
1188,2017.06.16,60500.0,100.0,61100.0,61600.0,59900.0,3932203.0
1189,2017.06.15,60600.0,1300.0,59300.0,61000.0,59300.0,4549233.0
1190,2017.06.14,59300.0,500.0,59200.0,60000.0,58800.0,4441904.0
1194,2017.06.13,58800.0,1300.0,57700.0,58900.0,56900.0,3431811.0
1195,2017.06.12,57500.0,800.0,57200.0,57900.0,56800.0,2650404.0
1196,2017.06.09,58300.0,1600.0,56700.0,58400.0,56500.0,4799560.0
1197,2017.06.08,56700.0,200.0,56500.0,57000.0,56200.0,3943311.0
1198,2017.06.07,56500.0,400.0,55900.0,56900.0,55400.0,3040030.0
1201,2017.06.05,56100.0,1000.0,57200.0,57200.0,55900.0,2525078.0
1202,2017.06.02,57100.0,700.0,56900.0,57500.0,56400.0,2481215.0
1203,2017.06.01,56400.0,600.0,56700.0,56900.0,56100.0,2006611.0
1204,2017.05.31,57000.0,400.0,57400.0,57900.0,56500.0,3314659.0
1205,2017.05.30,57400.0,500.0,58200.0,58400.0,56600.0,2368225.0
1209,2017.05.29,57900.0,800.0,57700.0,58800.0,57100.0,3294700.0
1210,2017.05.26,57100.0,1300.0,56000.0,57100.0,56000.0,3145737.0
1211,2017.05.25,55800.0,0.0,56400.0,56400.0,55400.0,1996135.0
1212,2017.05.24,55800.0,700.0,55700.0,56500.0,55600.0,2324952.0
1213,2017.05.23,55100.0,900.0,56400.0,56500.0,55000.0,2410542.0
1216,2017.05.22,56000.0,1800.0,54900.0,56000.0,54800.0,2544180.0
1217,2017.05.19,54200.0,1500.0,55100.0,55600.0,54200.0,2860160.0
1218,2017.05.18,55700.0,1000.0,53600.0,55700.0,53400.0,3494997.0
1219,2017.05.17,54700.0,600.0,55400.0,55700.0,54400.0,2485465.0
1220,2017.05.16,55300.0,300.0,56200.0,56800.0,55200.0,2546047.0
1224,2017.05.15,55600.0,300.0,55300.0,56100.0,55300.0,1542366.0
1225,2017.05.12,55300.0,1100.0,56400.0,56400.0,55100.0,2303244.0
1226,2017.05.11,56400.0,800.0,56000.0,56400.0,54800.0,3509393.0
1227,2017.05.10,55600.0,1300.0,57400.0,58100.0,55200.0,4766870.0
1228,2017.05.08,56900.0,1000.0,56000.0,57000.0,55700.0,3818771.0
1231,2017.05.04,55900.0,500.0,55900.0,55900.0,55000.0,2780438.0
1232,2017.05.02,55400.0,1400.0,55300.0,55900.0,54800.0,4347745.0
1233,2017.04.28,54000.0,400.0,53600.0,54700.0,53400.0,3573387.0
1234,2017.04.27,53600.0,100.0,53800.0,53900.0,52700.0,2743963.0
1235,2017.04.26,53700.0,1300.0,53100.0,54200.0,53000.0,5609007.0
1239,2017.04.25,52400.0,0.0,52800.0,52800.0,51300.0,5312931.0
1240,2017.04.24,52400.0,400.0,52700.0,53200.0,52100.0,3158545.0
1241,2017.04.21,52000.0,600.0,51800.0,52500.0,51300.0,3834454.0
1242,2017.04.20,51400.0,1550.0,49750.0,51700.0,49700.0,3573280.0
1243,2017.04.19,49850.0,350.0,50300.0,50400.0,49850.0,1587172.0
1246,2017.04.18,50200.0,1000.0,49600.0,50400.0,49300.0,1899560.0
1247,2017.04.17,49200.0,600.0,50200.0,50300.0,49100.0,2002100.0
1248,2017.04.14,49800.0,50.0,49750.0,50700.0,49450.0,2845128.0
1249,2017.04.13,49750.0,750.0,49100.0,50200.0,48650.0,2367158.0
1250,2017.04.12,49000.0,150.0,48800.0,49200.0,48550.0,1694663.0
1254,2017.04.11,48850.0,150.0,48550.0,49350.0,48400.0,2384127.0
1255,2017.04.10,49000.0,800.0,49700.0,49750.0,48950.0,1824895.0
1256,2017.04.07,49800.0,400.0,49450.0,49800.0,48700.0,2645476.0
1257,2017.04.06,49400.0,900.0,50300.0,50500.0,49100.0,2991825.0
1258,2017.04.05,50300.0,700.0,50600.0,51000.0,49950.0,2758658.0
1261,2017.04.04,51000.0,800.0,52100.0,52200.0,50800.0,2192884.0
1262,2017.04.03,51800.0,1300.0,50800.0,51900.0,50700.0,2361892.0
1263,2017.03.31,50500.0,400.0,50800.0,50800.0,49900.0,2682196.0
1264,2017.03.30,50900.0,400.0,51100.0,51500.0,50200.0,2204243.0
1265,2017.03.29,51300.0,500.0,51000.0,52200.0,50800.0,4154277.0
1269,2017.03.28,50800.0,100.0,51200.0,51300.0,50000.0,2862493.0
1270,2017.03.27,50700.0,1200.0,50000.0,51100.0,49950.0,5607032.0
1271,2017.03.24,49500.0,1050.0,50000.0,50200.0,49300.0,5174622.0
1272,2017.03.23,48450.0,200.0,48950.0,49300.0,48150.0,2473925.0
1273,2017.03.22,48650.0,1100.0,47000.0,48800.0,47000.0,4157526.0
1276,2017.03.21,47550.0,50.0,47900.0,48250.0,47000.0,3720816.0
1277,2017.03.20,47600.0,850.0,46950.0,47650.0,46550.0,3929405.0
1278,2017.03.17,46750.0,2400.0,48400.0,48400.0,46600.0,8098258.0
1279,2017.03.16,49150.0,350.0,49350.0,49650.0,48500.0,3458839.0
1280,2017.03.15,48800.0,1500.0,49350.0,49500.0,48550.0,4688787.0
1284,2017.03.14,50300.0,700.0,51800.0,51900.0,50300.0,4024138.0
1285,2017.03.13,51000.0,1800.0,49550.0,51100.0,49300.0,4948062.0
1286,2017.03.10,49200.0,1200.0,48100.0,49550.0,47500.0,3849912.0
1287,2017.03.09,48000.0,0.0,48200.0,48850.0,48000.0,2957372.0
1288,2017.03.08,48000.0,800.0,48800.0,49300.0,47900.0,3728263.0
1291,2017.03.07,48800.0,550.0,49100.0,49300.0,48050.0,3439908.0
1292,2017.03.06,49350.0,2250.0,47600.0,49400.0,47550.0,5045970.0
1293,2017.03.03,47100.0,600.0,47650.0,48250.0,46700.0,3937032.0
1294,2017.03.02,47700.0,1000.0,46850.0,47850.0,46800.0,7093071.0
1295,2017.02.28,46700.0,700.0,46600.0,47600.0,46200.0,5588155.0
1299,2017.02.27,46000.0,1500.0,46850.0,47000.0,45650.0,7604699.0
1300,2017.02.24,47500.0,2700.0,49850.0,50000.0,47400.0,7707747.0
1301,2017.02.23,50200.0,400.0,50000.0,50400.0,49050.0,3374139.0
1302,2017.02.22,50600.0,300.0,51600.0,51700.0,50600.0,2678429.0
1303,2017.02.21,50900.0,1000.0,49950.0,51000.0,49350.0,2227708.0
1306,2017.02.20,49900.0,500.0,50900.0,51000.0,49600.0,2265276.0
1307,2017.02.17,50400.0,800.0,50400.0,51100.0,50200.0,4927937.0
1308,2017.02.16,49600.0,1700.0,48350.0,49600.0,48200.0,4840918.0
1309,2017.02.15,47900.0,550.0,48300.0,48700.0,47550.0,8725221.0
1310,2017.02.14,48450.0,2250.0,51100.0,51600.0,48100.0,8593878.0
1314,2017.02.13,50700.0,700.0,49550.0,51000.0,49500.0,4124290.0
1315,2017.02.10,50000.0,2700.0,52000.0,52200.0,50000.0,9120878.0
1316,2017.02.09,52700.0,1900.0,53100.0,53700.0,52500.0,6547266.0
1317,2017.02.08,54600.0,1300.0,53700.0,54600.0,52400.0,3552260.0
1318,2017.02.07,53300.0,400.0,53800.0,54500.0,53100.0,2405891.0
1321,2017.02.06,53700.0,0.0,54200.0,54400.0,53300.0,1897002.0
1322,2017.02.03,53700.0,900.0,52500.0,53700.0,51800.0,3718619.0
1323,2017.02.02,52800.0,1200.0,53500.0,54000.0,52700.0,3486140.0
1324,2017.02.01,54000.0,300.0,54300.0,54900.0,53700.0,2813046.0
1325,2017.01.31,53700.0,400.0,53300.0,54500.0,52700.0,4118790.0
1329,2017.01.26,53300.0,1600.0,52500.0,53500.0,52400.0,4517114.0
1330,2017.01.25,51700.0,100.0,52200.0,52500.0,51600.0,2715809.0
1331,2017.01.24,51600.0,800.0,51300.0,52000.0,51100.0,3449130.0
1332,2017.01.23,50800.0,1650.0,49950.0,51000.0,49900.0,4148659.0
1333,2017.01.20,49150.0,450.0,49700.0,50100.0,49150.0,1943195.0
1336,2017.01.19,49600.0,750.0,49550.0,50100.0,49100.0,2332268.0
1337,2017.01.18,48850.0,450.0,48950.0,49400.0,48300.0,2974091.0
1338,2017.01.17,49300.0,0.0,49300.0,50200.0,49250.0,2309955.0
1339,2017.01.16,49300.0,1000.0,50100.0,50300.0,48800.0,4974924.0
1340,2017.01.13,50300.0,300.0,49850.0,50700.0,49850.0,4219771.0
1344,2017.01.12,50600.0,1000.0,51600.0,51600.0,50400.0,5060622.0
1345,2017.01.11,51600.0,1850.0,50000.0,51900.0,50000.0,4360058.0
1346,2017.01.10,49750.0,200.0,49850.0,50200.0,49200.0,2561968.0
1347,2017.01.09,49550.0,1550.0,48500.0,49750.0,48200.0,3871999.0
1348,2017.01.06,48000.0,1050.0,47700.0,48450.0,47600.0,3166843.0
1351,2017.01.05,46950.0,450.0,47000.0,47500.0,46850.0,2377163.0
1352,2017.01.04,46500.0,750.0,47000.0,47150.0,46200.0,2722599.0
1353,2017.01.03,47250.0,1450.0,46200.0,47300.0,46200.0,2655477.0
1354,2017.01.02,45800.0,1100.0,44750.0,46000.0,44600.0,1547681.0
1355,2016.12.29,44700.0,650.0,45150.0,45200.0,44600.0,1808856.0
1359,2016.12.28,45350.0,300.0,45350.0,45750.0,45100.0,1296254.0
1360,2016.12.27,45650.0,0.0,45550.0,45950.0,45400.0,1175619.0
1361,2016.12.26,45650.0,650.0,46200.0,46600.0,45250.0,1603230.0
1362,2016.12.23,46300.0,800.0,46200.0,46400.0,45950.0,2982024.0
1363,2016.12.22,45500.0,500.0,46000.0,46650.0,45150.0,4045912.0
1366,2016.12.21,45000.0,150.0,45500.0,45750.0,45000.0,1662010.0
1367,2016.12.20,45150.0,0.0,45400.0,45550.0,44950.0,1110753.0
1368,2016.12.19,45150.0,1250.0,46250.0,46300.0,45050.0,1997194.0
1369,2016.12.16,46400.0,800.0,45800.0,46450.0,45700.0,2100809.0
1370,2016.12.15,45600.0,250.0,45850.0,46050.0,45000.0,1828843.0
1374,2016.12.14,45850.0,900.0,45350.0,46100.0,45350.0,2010708.0
1375,2016.12.13,44950.0,350.0,44700.0,45700.0,44700.0,1822952.0
1376,2016.12.12,45300.0,200.0,45750.0,45850.0,44850.0,1440589.0
1377,2016.12.09,45500.0,750.0,46450.0,46750.0,45450.0,3003326.0
1378,2016.12.08,46250.0,1000.0,46200.0,46650.0,46100.0,3313157.0
1381,2016.12.07,45250.0,50.0,45750.0,45800.0,45200.0,1984369.0
1382,2016.12.06,45200.0,800.0,44700.0,45500.0,44600.0,3099065.0
1383,2016.12.05,44400.0,0.0,44050.0,44600.0,43800.0,1703219.0
1384,2016.12.02,44400.0,200.0,43350.0,44500.0,43300.0,4244113.0
1385,2016.12.01,44200.0,1300.0,43000.0,44400.0,43000.0,3491185.0
1389,2016.11.30,42900.0,500.0,42900.0,43800.0,42650.0,4325524.0
1390,2016.11.29,42400.0,200.0,42400.0,43100.0,41800.0,1777480.0
1391,2016.11.28,42600.0,0.0,42400.0,43250.0,42100.0,1513215.0
1392,2016.11.25,42600.0,50.0,43050.0,43300.0,42250.0,1328958.0
1393,2016.11.24,42650.0,400.0,43350.0,43850.0,42500.0,1789745.0
1396,2016.11.23,43050.0,350.0,43000.0,43900.0,42550.0,4047443.0
1397,2016.11.22,42700.0,1950.0,41250.0,42800.0,41200.0,3306186.0
1398,2016.11.21,40750.0,1250.0,41800.0,41900.0,40650.0,1883627.0
1399,2016.11.18,42000.0,100.0,42300.0,42400.0,41700.0,3331134.0
1400,2016.11.17,41900.0,1050.0,41500.0,41900.0,41200.0,2383464.0
1404,2016.11.16,40850.0,1150.0,40450.0,41000.0,40250.0,2101878.0
1405,2016.11.15,39700.0,0.0,39700.0,40400.0,39500.0,2030086.0
1406,2016.11.14,39700.0,150.0,40000.0,40450.0,39700.0,1589911.0
1407,2016.11.11,39850.0,1150.0,40000.0,40450.0,39550.0,2962651.0
1408,2016.11.10,41000.0,1350.0,41000.0,41050.0,40500.0,2520434.0
1411,2016.11.09,39650.0,1850.0,41650.0,41750.0,38700.0,5779291.0
1412,2016.11.08,41500.0,0.0,42100.0,42150.0,41250.0,1882987.0
1413,2016.11.07,41500.0,300.0,41800.0,42050.0,41200.0,2033220.0
1414,2016.11.04,41200.0,50.0,41150.0,41400.0,40850.0,2600930.0
1415,2016.11.03,41150.0,150.0,40900.0,41700.0,40700.0,2580396.0
1419,2016.11.02,41000.0,1000.0,41250.0,41400.0,40450.0,2822651.0
1420,2016.11.01,42000.0,1000.0,41700.0,42350.0,41600.0,3173446.0
1421,2016.10.31,41000.0,1450.0,42500.0,42900.0,41000.0,3297943.0
1422,2016.10.28,42450.0,550.0,42700.0,42950.0,42100.0,2251179.0
1423,2016.10.27,43000.0,100.0,42900.0,43600.0,42600.0,4814197.0
1426,2016.10.26,42900.0,1850.0,41300.0,42900.0,41300.0,6364037.0
1427,2016.10.25,41050.0,900.0,40350.0,41650.0,40200.0,4469224.0
1428,2016.10.24,40150.0,800.0,41000.0,41150.0,39850.0,2211109.0
1429,2016.10.21,40950.0,900.0,39500.0,41000.0,39500.0,2436212.0
1430,2016.10.20,40050.0,0.0,40250.0,40300.0,38850.0,5423960.0
1434,2016.10.19,40050.0,1600.0,41150.0,41450.0,39850.0,5033246.0
1435,2016.10.18,41650.0,650.0,42200.0,42300.0,41300.0,2559222.0
1436,2016.10.17,42300.0,750.0,41750.0,42300.0,41400.0,2314725.0
1437,2016.10.14,41550.0,600.0,41300.0,41900.0,41200.0,2708972.0
1438,2016.10.13,40950.0,300.0,41450.0,41700.0,40950.0,3638071.0
1441,2016.10.12,41250.0,50.0,41000.0,41900.0,41000.0,3521492.0
1442,2016.10.11,41300.0,0.0,41300.0,42000.0,41100.0,2810503.0
1443,2016.10.10,41300.0,900.0,42200.0,42500.0,41200.0,2916252.0
1444,2016.10.07,42200.0,350.0,42700.0,42700.0,41900.0,2637734.0
1445,2016.10.06,42550.0,50.0,43100.0,43150.0,42400.0,2815496.0
1449,2016.10.05,42600.0,800.0,42150.0,42950.0,41200.0,4387312.0
1450,2016.10.04,41800.0,1600.0,41500.0,41800.0,41000.0,3639803.0
1451,2016.09.30,40200.0,0.0,39750.0,40950.0,39600.0,3764773.0
1452,2016.09.29,40200.0,1000.0,40600.0,40750.0,40150.0,3976705.0
1453,2016.09.28,41200.0,50.0,41300.0,42000.0,40950.0,4189804.0
1456,2016.09.27,41150.0,1650.0,39400.0,41150.0,39150.0,4001505.0
1457,2016.09.26,39500.0,150.0,39350.0,39500.0,38800.0,1669862.0
1458,2016.09.23,39350.0,50.0,39550.0,39650.0,39050.0,2095120.0
1459,2016.09.22,39400.0,250.0,39800.0,39800.0,39150.0,3214630.0
1460,2016.09.21,39150.0,100.0,39000.0,39150.0,38650.0,1731450.0
1464,2016.09.20,39250.0,50.0,39200.0,39450.0,38750.0,2594490.0
1465,2016.09.19,39200.0,1400.0,38700.0,39450.0,38250.0,5283684.0
1466,2016.09.13,37800.0,800.0,37600.0,38300.0,37500.0,3928646.0
1467,2016.09.12,37000.0,1950.0,37500.0,38300.0,37000.0,4885896.0
1468,2016.09.09,38950.0,250.0,38550.0,39000.0,38350.0,2748415.0
1471,2016.09.08,38700.0,800.0,37900.0,38700.0,37900.0,3698781.0
1472,2016.09.07,37900.0,100.0,38200.0,38800.0,37900.0,3786844.0
1473,2016.09.06,38000.0,500.0,37750.0,38000.0,37350.0,2123160.0
1474,2016.09.05,37500.0,850.0,36900.0,37500.0,36850.0,2337575.0
1475,2016.09.02,36650.0,550.0,36100.0,36700.0,35950.0,1828390.0
1479,2016.09.01,36100.0,350.0,36400.0,36400.0,35700.0,1713669.0
1480,2016.08.31,36450.0,150.0,36400.0,36450.0,35750.0,2832970.0
1481,2016.08.30,36300.0,50.0,36800.0,36950.0,35550.0,2766460.0
1482,2016.08.29,36250.0,0.0,35350.0,36400.0,35300.0,2782441.0
1483,2016.08.26,36250.0,550.0,35850.0,36350.0,35750.0,2635343.0
1486,2016.08.25,35700.0,50.0,35100.0,35750.0,34900.0,1568516.0
1487,2016.08.24,35750.0,150.0,35900.0,35950.0,35300.0,1689924.0
1488,2016.08.23,35600.0,400.0,36250.0,36300.0,35550.0,3014421.0
1489,2016.08.22,36000.0,600.0,35500.0,36050.0,35250.0,4149396.0
1490,2016.08.19,35400.0,1250.0,34400.0,35400.0,34200.0,4683750.0
1494,2016.08.18,34150.0,600.0,33550.0,34250.0,33550.0,1855081.0
1495,2016.08.17,33550.0,150.0,33750.0,33900.0,32900.0,2083372.0
1496,2016.08.16,33700.0,650.0,34950.0,34950.0,33700.0,2883043.0
1497,2016.08.12,34350.0,450.0,34450.0,35100.0,34200.0,2437735.0
1498,2016.08.11,34800.0,1000.0,33700.0,34800.0,33450.0,2980478.0
1501,2016.08.10,33800.0,1250.0,34900.0,35000.0,33650.0,3193311.0
1502,2016.08.09,35050.0,100.0,34850.0,35200.0,34450.0,2112078.0
1503,2016.08.08,34950.0,150.0,35150.0,35250.0,34400.0,2157854.0
1504,2016.08.05,34800.0,1150.0,34300.0,34900.0,33950.0,2830058.0
1505,2016.08.04,33650.0,100.0,33950.0,34200.0,33350.0,1477680.0
1509,2016.08.03,33550.0,200.0,33300.0,34400.0,33000.0,2698841.0
1510,2016.08.02,33750.0,1100.0,34600.0,34700.0,33650.0,2123735.0
1511,2016.08.01,34850.0,450.0,34700.0,35300.0,34600.0,3274413.0
1512,2016.07.29,34400.0,850.0,33550.0,34400.0,33450.0,4660512.0
1513,2016.07.28,33550.0,100.0,33150.0,33550.0,33000.0,3586965.0
1516,2016.07.27,33450.0,1400.0,32600.0,33450.0,32550.0,4762165.0
1517,2016.07.26,32050.0,450.0,32400.0,32400.0,31100.0,5028045.0
1518,2016.07.25,32500.0,500.0,32300.0,32650.0,32150.0,2147590.0
1519,2016.07.22,32000.0,150.0,32150.0,32150.0,31200.0,2442893.0
1520,2016.07.21,32150.0,50.0,32400.0,32800.0,32100.0,1879147.0
1524,2016.07.20,32100.0,350.0,32300.0,32400.0,31850.0,1775583.0
1525,2016.07.19,32450.0,300.0,32900.0,33000.0,31950.0,2340759.0
1526,2016.07.18,32750.0,50.0,32900.0,33100.0,32500.0,1515167.0
1527,2016.07.15,32700.0,350.0,33300.0,33500.0,32650.0,2580255.0
1528,2016.07.14,33050.0,400.0,32500.0,33300.0,32450.0,3145494.0
1531,2016.07.13,32650.0,650.0,32700.0,32950.0,32450.0,3779418.0
1532,2016.07.12,32000.0,0.0,32250.0,32300.0,31550.0,2523664.0
1533,2016.07.11,32000.0,950.0,31750.0,32300.0,31650.0,3938161.0
1534,2016.07.08,31050.0,400.0,30700.0,31250.0,30550.0,2424460.0
1535,2016.07.07,30650.0,50.0,30750.0,31350.0,30600.0,2715183.0
1539,2016.07.06,30600.0,1250.0,31100.0,31350.0,30300.0,6314347.0
1540,2016.07.05,31850.0,900.0,32650.0,32650.0,31850.0,2577231.0
1541,2016.07.04,32750.0,600.0,32250.0,32900.0,32050.0,3192033.0
1542,2016.07.01,32150.0,250.0,31800.0,32700.0,31600.0,5289586.0
1543,2016.06.30,32400.0,600.0,32000.0,32550.0,31700.0,4571310.0
1546,2016.06.29,31800.0,650.0,31800.0,32200.0,31700.0,3801424.0
1547,2016.06.28,31150.0,900.0,31150.0,31600.0,30650.0,5072467.0
1548,2016.06.27,32050.0,250.0,31350.0,32050.0,31050.0,6146337.0
1549,2016.06.24,31800.0,50.0,32800.0,33100.0,30450.0,16852175.0
1550,2016.06.23,31750.0,800.0,30900.0,31800.0,30850.0,7147499.0
1554,2016.06.22,30950.0,1150.0,30200.0,30950.0,30000.0,5122638.0
1555,2016.06.21,29800.0,250.0,30050.0,30150.0,29550.0,2376833.0
1556,2016.06.20,30050.0,1050.0,29800.0,30050.0,29050.0,4501015.0
1557,2016.06.17,29000.0,650.0,30000.0,30000.0,28750.0,2891783.0
1558,2016.06.16,29650.0,300.0,30250.0,30400.0,29350.0,3687253.0
1561,2016.06.15,29950.0,900.0,29350.0,30150.0,29300.0,5751526.0
1562,2016.06.14,29050.0,700.0,28150.0,29300.0,28150.0,3490535.0
1563,2016.06.13,28350.0,650.0,28650.0,28700.0,28000.0,2607031.0
1564,2016.06.10,29000.0,0.0,29150.0,29200.0,28700.0,2413698.0
1565,2016.06.09,29000.0,450.0,28700.0,29400.0,28650.0,5336122.0
1569,2016.06.08,28550.0,100.0,29050.0,29300.0,28450.0,3940058.0
1570,2016.06.07,28650.0,1050.0,27700.0,28750.0,27650.0,4435065.0
1571,2016.06.03,27600.0,450.0,28150.0,28450.0,27400.0,3680988.0
1572,2016.06.02,28050.0,450.0,28600.0,29050.0,28000.0,3443745.0
1573,2016.06.01,28500.0,200.0,28850.0,29000.0,28400.0,3630711.0
1576,2016.05.31,28700.0,300.0,28650.0,29000.0,28200.0,5414611.0
1577,2016.05.30,29000.0,350.0,28850.0,29400.0,28650.0,5492886.0
1578,2016.05.27,28650.0,1650.0,27200.0,28750.0,27150.0,7719656.0
1579,2016.05.26,27000.0,50.0,27150.0,27200.0,26850.0,1938084.0
1580,2016.05.25,27050.0,200.0,27450.0,27450.0,26950.0,2250906.0
1584,2016.05.24,26850.0,350.0,27350.0,27350.0,26700.0,2428278.0
1585,2016.05.23,27200.0,900.0,26800.0,27450.0,26650.0,4534043.0
1586,2016.05.20,26300.0,300.0,26600.0,26650.0,26250.0,2245019.0
1587,2016.05.19,26600.0,400.0,26750.0,26900.0,26400.0,4367007.0
1588,2016.05.18,26200.0,300.0,25800.0,26400.0,25650.0,2474774.0
1591,2016.05.17,25900.0,200.0,26250.0,26300.0,25900.0,1545947.0
1592,2016.05.16,26100.0,0.0,26100.0,26300.0,25900.0,1337159.0
1593,2016.05.13,26100.0,0.0,26100.0,26250.0,25900.0,1849910.0
1594,2016.05.12,26100.0,100.0,26050.0,26250.0,25850.0,1759282.0
1595,2016.05.11,26200.0,200.0,26500.0,26550.0,26100.0,1735332.0
1599,2016.05.10,26400.0,650.0,25750.0,26400.0,25750.0,2564593.0
1600,2016.05.09,25750.0,900.0,26150.0,26550.0,25700.0,5291220.0
1601,2016.05.04,26650.0,1000.0,27450.0,27500.0,26500.0,4388484.0
1602,2016.05.03,27650.0,200.0,27950.0,28100.0,27650.0,1373116.0
1603,2016.05.02,27850.0,300.0,27950.0,28300.0,27750.0,1306092.0
1606,2016.04.29,28150.0,250.0,27700.0,28250.0,27500.0,2878692.0
1607,2016.04.28,27900.0,1250.0,29100.0,29150.0,27850.0,6766879.0
1608,2016.04.27,29150.0,0.0,29300.0,29750.0,29000.0,6213757.0
1609,2016.04.26,29150.0,1650.0,27550.0,29200.0,27550.0,7750203.0
1610,2016.04.25,27500.0,0.0,27650.0,27800.0,27350.0,1506644.0
1614,2016.04.22,27500.0,50.0,27450.0,27800.0,27350.0,1556764.0
1615,2016.04.21,27550.0,0.0,27700.0,27950.0,27500.0,2999400.0
1616,2016.04.20,27550.0,100.0,27500.0,28000.0,27500.0,3231788.0
1617,2016.04.19,27450.0,250.0,27500.0,27550.0,27350.0,1843729.0
1618,2016.04.18,27200.0,450.0,28000.0,28150.0,27200.0,3861103.0
1621,2016.04.15,27650.0,400.0,27450.0,27800.0,27350.0,2785108.0
1622,2016.04.14,27250.0,100.0,27600.0,27850.0,27250.0,4761215.0
1623,2016.04.12,27150.0,0.0,27200.0,27550.0,27100.0,1850577.0
1624,2016.04.11,27150.0,650.0,27600.0,27700.0,27150.0,2425426.0
1625,2016.04.08,27800.0,900.0,26950.0,27800.0,26900.0,3718690.0
1629,2016.04.07,26900.0,600.0,27450.0,27450.0,26750.0,4588396.0
1630,2016.04.06,27500.0,350.0,27550.0,27850.0,27450.0,2410844.0
1631,2016.04.05,27850.0,50.0,27900.0,28100.0,27600.0,2032745.0
1632,2016.04.04,27900.0,300.0,28100.0,28150.0,27800.0,2823088.0
1633,2016.04.01,28200.0,50.0,28450.0,28500.0,28050.0,2991431.0
1636,2016.03.31,28150.0,500.0,28700.0,28850.0,28000.0,4336581.0
1637,2016.03.30,28650.0,250.0,29150.0,29500.0,28650.0,3512889.0
1638,2016.03.29,28900.0,350.0,28850.0,29150.0,28700.0,2343876.0
1639,2016.03.28,28550.0,600.0,29000.0,29050.0,28150.0,2795412.0
1640,2016.03.25,29150.0,300.0,29450.0,29500.0,28900.0,1978956.0
1644,2016.03.24,29450.0,800.0,29850.0,29900.0,29350.0,3587082.0
1645,2016.03.23,30250.0,50.0,30100.0,30450.0,29850.0,1868041.0
1646,2016.03.22,30200.0,650.0,29700.0,30200.0,29550.0,2546366.0
1647,2016.03.21,29550.0,100.0,29800.0,29850.0,29300.0,1783055.0
1648,2016.03.18,29450.0,200.0,29500.0,29900.0,29250.0,2864640.0
1651,2016.03.17,29250.0,50.0,29350.0,29750.0,29100.0,2768278.0
1652,2016.03.16,29200.0,700.0,29900.0,29950.0,29050.0,2902896.0
1653,2016.03.15,29900.0,450.0,30350.0,30550.0,29750.0,2078857.0
1654,2016.03.14,30350.0,350.0,31100.0,31100.0,30250.0,2062549.0
1655,2016.03.11,30700.0,400.0,29900.0,30850.0,29900.0,2117430.0
1659,2016.03.10,30300.0,250.0,30550.0,30650.0,30150.0,2734070.0
1660,2016.03.09,30550.0,50.0,29900.0,30550.0,29650.0,3503375.0
1661,2016.03.08,30500.0,1400.0,31200.0,31500.0,30300.0,4616147.0
1662,2016.03.07,31900.0,0.0,32150.0,32250.0,31500.0,3487206.0
1663,2016.03.04,31900.0,50.0,31800.0,32100.0,31550.0,1913316.0
1666,2016.03.03,31950.0,1000.0,31550.0,32000.0,31100.0,3898363.0
1667,2016.03.02,30950.0,950.0,31050.0,31300.0,30650.0,3567312.0
1668,2016.02.29,30000.0,800.0,30800.0,30900.0,29600.0,2989861.0
1669,2016.02.26,30800.0,0.0,31000.0,31100.0,30450.0,1282277.0
1670,2016.02.25,30800.0,100.0,31400.0,31500.0,30650.0,2527297.0
1674,2016.02.24,30900.0,500.0,31050.0,31250.0,30600.0,3480563.0
1675,2016.02.23,30400.0,500.0,30100.0,30600.0,30000.0,2123648.0
1676,2016.02.22,29900.0,300.0,29400.0,30000.0,29400.0,1366180.0
1677,2016.02.19,29600.0,600.0,29950.0,30050.0,29250.0,2336536.0
1678,2016.02.18,30200.0,150.0,30550.0,30850.0,29800.0,2972873.0
1681,2016.02.17,30050.0,1150.0,29250.0,30300.0,29150.0,6106318.0
1682,2016.02.16,28900.0,1200.0,27850.0,29000.0,27800.0,3851681.0
1683,2016.02.15,27700.0,350.0,27750.0,28200.0,27500.0,2162111.0
1684,2016.02.12,27350.0,200.0,26850.0,27750.0,26850.0,2429857.0
1685,2016.02.11,27150.0,950.0,27000.0,27400.0,26950.0,2468082.0
1689,2016.02.05,28100.0,0.0,28100.0,28350.0,27900.0,1484771.0
1690,2016.02.04,28100.0,650.0,27700.0,28150.0,27600.0,2459305.0
1691,2016.02.03,27450.0,1000.0,27600.0,27850.0,27200.0,2705269.0
1692,2016.02.02,28450.0,50.0,28450.0,28800.0,28150.0,2865209.0
1693,2016.02.01,28400.0,1100.0,28100.0,28650.0,27700.0,4767927.0
1696,2016.01.29,27300.0,350.0,27250.0,27350.0,26950.0,2898720.0
1697,2016.01.28,27650.0,0.0,27450.0,27750.0,26850.0,3035447.0
1698,2016.01.27,27650.0,200.0,28100.0,28350.0,27250.0,3205822.0
1699,2016.01.26,27850.0,150.0,28000.0,29100.0,27750.0,5351814.0
1700,2016.01.25,28000.0,850.0,27550.0,28200.0,27300.0,2977310.0
1704,2016.01.22,27150.0,550.0,27200.0,27600.0,27000.0,2361216.0
1705,2016.01.21,26600.0,200.0,26600.0,27250.0,26600.0,2840628.0
1706,2016.01.20,26800.0,1500.0,28050.0,28100.0,26750.0,4186899.0
1707,2016.01.19,28300.0,1600.0,26700.0,28300.0,26700.0,4291742.0
1708,2016.01.18,26700.0,100.0,25900.0,27000.0,25800.0,3658921.0
1711,2016.01.15,26800.0,1100.0,27950.0,28300.0,26800.0,5431851.0
1712,2016.01.14,27900.0,200.0,27300.0,27900.0,27200.0,3957935.0
1713,2016.01.13,28100.0,300.0,28100.0,28450.0,28000.0,3481523.0
1714,2016.01.12,27800.0,850.0,28600.0,28900.0,27700.0,4418384.0
1715,2016.01.11,28650.0,1050.0,29400.0,29500.0,28600.0,5358223.0
1719,2016.01.08,29700.0,500.0,29800.0,30100.0,29550.0,3967121.0
1720,2016.01.07,30200.0,550.0,30400.0,30750.0,30200.0,2424880.0
1721,2016.01.06,30750.0,150.0,30600.0,30900.0,30300.0,2461593.0
1722,2016.01.05,30600.0,450.0,30500.0,31200.0,30350.0,2482905.0
1723,2016.01.04,30150.0,600.0,30550.0,30750.0,30150.0,1878039.0
1726,2015.12.30,30750.0,450.0,31100.0,31450.0,30550.0,1801261.0
1727,2015.12.29,31200.0,300.0,30900.0,31550.0,30800.0,1965713.0
1728,2015.12.28,30900.0,800.0,31750.0,31850.0,30900.0,2535636.0
1729,2015.12.24,31700.0,1000.0,32950.0,33150.0,31700.0,3624175.0
1730,2015.12.23,32700.0,500.0,32100.0,33000.0,31900.0,5331047.0
1734,2015.12.22,32200.0,1700.0,31000.0,32200.0,30800.0,6861264.0
1735,2015.12.21,30500.0,100.0,30450.0,30800.0,30250.0,1576561.0
1736,2015.12.18,30600.0,350.0,29800.0,30700.0,29800.0,2854920.0
1737,2015.12.17,30250.0,150.0,30250.0,30550.0,29800.0,2210682.0
1738,2015.12.16,30400.0,1000.0,30050.0,30500.0,29900.0,2601080.0
1741,2015.12.15,29400.0,400.0,29050.0,29600.0,28800.0,2006190.0
1742,2015.12.14,29000.0,850.0,29000.0,29350.0,28550.0,3669577.0
1743,2015.12.11,29850.0,450.0,30200.0,30550.0,29600.0,2725258.0
1744,2015.12.10,30300.0,50.0,30200.0,30550.0,30050.0,3145787.0
1745,2015.12.09,30250.0,50.0,30100.0,30550.0,30100.0,1524501.0
1749,2015.12.08,30200.0,500.0,30500.0,30750.0,30050.0,2483443.0
1750,2015.12.07,30700.0,500.0,31450.0,31700.0,30700.0,2238378.0
1751,2015.12.04,31200.0,50.0,30700.0,31450.0,30600.0,2125421.0
1752,2015.12.03,31150.0,50.0,31050.0,31350.0,30850.0,1730137.0
1753,2015.12.02,31200.0,150.0,31550.0,31900.0,31200.0,2731791.0
1756,2015.12.01,31350.0,250.0,31650.0,31650.0,30900.0,3752942.0
1757,2015.11.30,31600.0,400.0,32050.0,32650.0,31600.0,3917877.0
1758,2015.11.27,32000.0,750.0,33200.0,33600.0,32000.0,3890920.0
1759,2015.11.26,32750.0,850.0,32400.0,34150.0,32250.0,13223992.0
1760,2015.11.25,31900.0,1700.0,30400.0,32000.0,30400.0,6941459.0
1764,2015.11.24,30200.0,450.0,30600.0,30850.0,30100.0,3308696.0
1765,2015.11.23,30650.0,350.0,31150.0,31250.0,30600.0,2430154.0
1766,2015.11.20,31000.0,200.0,31500.0,31750.0,31000.0,2097039.0
1767,2015.11.19,31200.0,650.0,30800.0,31600.0,30700.0,2525784.0
1768,2015.11.18,30550.0,50.0,30600.0,30800.0,30050.0,3137103.0
1771,2015.11.17,30600.0,100.0,31050.0,31150.0,30600.0,1935683.0
1772,2015.11.16,30500.0,650.0,30600.0,30950.0,30500.0,2351453.0
1773,2015.11.13,31150.0,450.0,30500.0,31600.0,30500.0,1962129.0
1774,2015.11.12,30700.0,300.0,30950.0,31000.0,30700.0,1537585.0
1775,2015.11.11,31000.0,150.0,30700.0,31200.0,30550.0,2898877.0
1779,2015.11.10,31150.0,100.0,30850.0,31350.0,30600.0,2724051.0
1780,2015.11.09,31250.0,50.0,30900.0,31300.0,30400.0,3563095.0
1781,2015.11.06,31200.0,1450.0,32350.0,32400.0,31050.0,5219855.0
1782,2015.11.05,32650.0,50.0,32350.0,32700.0,32200.0,1928001.0
1783,2015.11.04,32600.0,700.0,32500.0,32700.0,32100.0,3276995.0
1786,2015.11.03,31900.0,250.0,32500.0,33000.0,31550.0,4453120.0
1787,2015.11.02,32150.0,1450.0,30700.0,32250.0,30400.0,4493014.0
1788,2015.10.30,30700.0,750.0,31150.0,31200.0,30450.0,4640184.0
1789,2015.10.29,31450.0,0.0,31700.0,32150.0,31300.0,4273016.0
1790,2015.10.28,31450.0,700.0,32150.0,32450.0,31400.0,4322506.0
1794,2015.10.27,32150.0,750.0,32100.0,32650.0,32050.0,3535671.0
1795,2015.10.26,32900.0,800.0,32350.0,33100.0,32300.0,3326112.0
1796,2015.10.23,32100.0,150.0,32400.0,32950.0,32050.0,6341772.0
1797,2015.10.22,31950.0,1700.0,33200.0,33450.0,31850.0,10914420.0
1798,2015.10.21,33650.0,2050.0,35000.0,35000.0,33600.0,9957394.0
1801,2015.10.20,35700.0,50.0,36000.0,36150.0,35250.0,2686193.0
1802,2015.10.19,35750.0,350.0,36150.0,36200.0,35600.0,1967828.0
1803,2015.10.16,36100.0,650.0,36900.0,37050.0,36000.0,1899386.0
1804,2015.10.15,36750.0,350.0,35950.0,36800.0,35850.0,2943506.0
1805,2015.10.14,36400.0,400.0,36300.0,37050.0,35900.0,3720738.0
1809,2015.10.13,36000.0,850.0,36800.0,37150.0,35800.0,2961513.0
1810,2015.10.12,36850.0,700.0,37550.0,37550.0,36700.0,2519174.0
1811,2015.10.08,37550.0,250.0,38000.0,38100.0,36600.0,3824312.0
1812,2015.10.07,37300.0,100.0,37050.0,37700.0,36800.0,3879936.0
1813,2015.10.06,37200.0,1850.0,36300.0,37200.0,36250.0,5944141.0
1816,2015.10.05,35350.0,800.0,35250.0,35950.0,35100.0,4367169.0
1817,2015.10.02,34550.0,850.0,34200.0,34750.0,33800.0,3052650.0
1818,2015.10.01,33700.0,150.0,33750.0,33950.0,33500.0,3667742.0
1819,2015.09.30,33550.0,800.0,33700.0,33800.0,33350.0,4158644.0
1820,2015.09.25,34350.0,500.0,33750.0,34400.0,33400.0,2813254.0
1824,2015.09.24,33850.0,850.0,34900.0,34950.0,33600.0,4172759.0
1825,2015.09.23,34700.0,200.0,34500.0,35250.0,34350.0,1641929.0
1826,2015.09.22,34900.0,100.0,34900.0,35150.0,34700.0,2004067.0
1827,2015.09.21,34800.0,950.0,35200.0,35250.0,34700.0,2538367.0
1828,2015.09.18,35750.0,400.0,36400.0,36450.0,35450.0,3267741.0
1831,2015.09.17,36150.0,1050.0,35750.0,36450.0,35350.0,4734065.0
1832,2015.09.16,35100.0,1500.0,33800.0,35350.0,33800.0,3876376.0
1833,2015.09.15,33600.0,1000.0,34500.0,34600.0,33350.0,3880824.0
1834,2015.09.14,34600.0,400.0,35300.0,35450.0,34350.0,2163452.0
1835,2015.09.11,35000.0,950.0,35450.0,35750.0,35000.0,3242067.0
1839,2015.09.10,35950.0,50.0,35400.0,35950.0,35400.0,3079224.0
1840,2015.09.09,36000.0,1250.0,35800.0,36500.0,35650.0,3035809.0
1841,2015.09.08,34750.0,0.0,35000.0,35100.0,34600.0,1494929.0
1842,2015.09.07,34750.0,100.0,34800.0,35100.0,34300.0,1624613.0
1843,2015.09.04,34850.0,550.0,35500.0,35950.0,34650.0,2438126.0
1846,2015.09.03,35400.0,1050.0,34850.0,35700.0,34700.0,4222565.0
1847,2015.09.02,34350.0,50.0,33500.0,34600.0,33350.0,4161070.0
1848,2015.09.01,34400.0,1400.0,35150.0,35450.0,34200.0,6442285.0
1849,2015.08.31,35800.0,1100.0,36850.0,36850.0,35650.0,4408499.0
1850,2015.08.28,36900.0,1400.0,36550.0,37700.0,36300.0,7382006.0
1854,2015.08.27,35500.0,2050.0,34200.0,35500.0,34150.0,7063277.0
1855,2015.08.26,33450.0,50.0,33500.0,34200.0,32850.0,6534943.0
1856,2015.08.25,33500.0,2450.0,31300.0,33950.0,31300.0,11821629.0
1857,2015.08.24,31050.0,950.0,31600.0,32350.0,30300.0,8593829.0
1858,2015.08.21,32000.0,1050.0,31400.0,32250.0,31400.0,6084203.0
