Date,Close,Open,High,Low,Volumn
2020-09-04,402000,390000,404500,390000,1.16M
2020-09-03,410000,415500,415500,404500,0.65K
2020-09-02,412000,405500,412000,401500,0.06K
2020-09-01,401500,413500,416000,400000,0.04K
2020-08-31,407000,410500,420000,401000,0.04K
2020-08-30,405500,405500,405500,405500,-
2020-08-28,405500,413500,416000,400000,1.50M
2020-08-27,410500,396500,413000,396500,0.45K
2020-08-26,392000,380500,394000,378000,0.10K
2020-08-25,381000,384500,385000,377000,880.51K
2020-08-24,380000,374500,382500,367500,0.04K
2020-08-23,370000,370000,370000,370000,-
2020-08-21,370000,370000,373500,362000,1.01M
2020-08-20,364500,375500,383000,359500,1.11K
2020-08-19,376500,385000,385000,372500,1.90K
2020-08-18,378000,372000,389500,368000,0.14K
2020-08-17,362500,362500,362500,362500,-
2020-08-14,362500,361000,366000,358000,818.50K
2020-08-13,360500,359000,365000,356500,0.39K
2020-08-12,354000,349000,356500,347500,0.14K
2020-08-11,352500,351500,356000,348000,0.34K
2020-08-10,356000,345500,358500,342000,0.23K
2020-08-09,353000,353000,353000,353000,-
2020-08-07,353000,368000,370000,350500,1.89M
2020-08-06,364000,358500,372500,358500,1.07K
2020-08-05,370500,366500,371000,363000,14.31K
2020-08-04,370000,379000,383500,361000,1.70K
2020-08-03,366000,347000,366000,347000,0.12K
2020-08-02,343500,343500,343500,343500,-
2020-07-31,343500,336000,344000,335500,1.07M
2020-07-30,332000,335500,337000,331500,0.50K
2020-07-29,331500,329000,333000,325000,0.29K
2020-07-28,329500,331500,335500,328500,2.02K
2020-07-27,326500,321500,329500,320500,0.04K
2020-07-26,324500,324500,324500,324500,-
2020-07-24,324500,325000,333000,322000,898.06K
2020-07-23,329500,316500,329500,315000,1.25M
2020-07-22,318000,310500,321000,306000,0.47K
2020-07-21,316000,323500,325500,311500,1.10K
2020-07-20,310000,325000,325000,310000,0.13K
2020-07-19,325000,325000,325000,325000,-
2020-07-17,325000,319000,327000,314000,1.26M
2020-07-16,322000,332000,334500,319000,1.65K
2020-07-15,337500,344500,349500,332000,0.61K
2020-07-14,343000,341500,346000,340000,4.96K
2020-07-13,352000,348000,355500,347000,0.50K
2020-07-10,355500,351000,368000,345500,2.55M
2020-07-09,355500,335000,355500,332500,4.12K
2020-07-08,328000,312000,328000,305000,0.37K
2020-07-07,310500,306000,317500,304500,0.58K
2020-07-06,300500,297500,307000,297500,0.16K
2020-07-05,294000,294000,294000,294000,-
2020-07-03,294000,289500,297000,284000,1.60M
2020-07-02,285500,273000,285500,273000,0.03K
2020-07-01,269500,271000,275000,267500,0.14K
2020-06-30,267500,272000,273000,267500,0.02K
2020-06-29,267500,269000,273500,266500,0.04K
2020-06-28,274500,274500,274500,274500,-
2020-06-26,274500,279500,280000,268000,809.55K
2020-06-25,274500,278500,281500,273500,0.01K
2020-06-24,282500,281500,284000,275000,0.12K
2020-06-23,281500,278500,289000,277500,0.13K
2020-06-22,274000,263000,276000,260500,0.04K
2020-06-21,263500,263500,263500,263500,-
2020-06-19,263500,267500,269500,262000,910.40K
2020-06-18,263500,264500,266500,260500,0.05K
2020-06-17,263000,262500,264500,262000,2.54K
2020-06-16,263000,260500,263000,258000,892.39K
2020-06-15,252500,266000,271000,250000,1.54M
2020-06-14,266000,266000,266000,266000,-
2020-06-12,266000,256500,268000,256000,1.68M
2020-06-11,265000,264000,268000,261000,0.15K
2020-06-10,262000,257000,263500,257000,0.48K
2020-06-09,254500,255500,259500,252500,0.23K
2020-06-08,256500,252500,258000,248500,0.13K
2020-06-07,251000,251000,251000,251000,-
2020-06-05,251000,253000,253500,247500,1.00M
2020-06-04,254000,247500,256500,247000,1.42K
2020-06-03,249500,259500,261500,247500,3.71K
2020-06-02,259500,262500,262500,257000,1.50K
2020-06-01,264000,263500,266000,259500,1.08M
2020-05-31,263500,263500,263500,263500,-
2020-05-29,263500,263500,267500,257500,1.63M
2020-05-28,267000,257500,270000,253000,2.40K
2020-05-27,260500,262500,267000,257000,1.90K
2020-05-26,270000,273000,279500,261000,1.19K
2020-05-25,268000,250500,269500,249500,3.02K
2020-05-24,247000,247000,247000,247000,-
2020-05-22,247000,237500,248500,235000,1.88M
2020-05-21,237500,237500,240000,234500,1.40M
2020-05-20,231500,223500,234000,222500,0.10K
2020-05-19,220000,222000,222500,214500,0.19K
2020-05-18,221000,221500,225500,219000,0.91K
2020-05-17,221500,221500,221500,221500,-
2020-05-15,221500,228500,231500,216000,1.52M
2020-05-14,225000,216000,228000,214000,0.02K
2020-05-13,216500,211500,216500,211500,0.23K
2020-05-12,214500,209000,216500,206000,1.56M
2020-05-11,207500,207000,211500,206500,1.05M
2020-05-10,206000,206000,206000,206000,-
2020-05-08,206000,206500,210000,204000,1.40M
2020-05-07,206000,199500,207500,198500,2.62M
2020-05-06,199500,189000,200000,188000,2.03M
2020-05-05,186500,186500,186500,186500,-
2020-05-04,186500,181500,190000,180000,1.02M
2020-05-03,184000,184000,184000,184000,-
2020-04-29,184000,184000,186500,182500,657.14K
2020-04-28,185000,185500,186500,181500,665.91K
2020-04-27,184000,183000,187000,181500,719.45K
2020-04-26,183000,183000,183000,183000,-
2020-04-24,183000,184500,188500,182000,1.07M
2020-04-23,185500,181500,186500,180500,1.40M
2020-04-22,177000,174000,177000,171500,683.68K
2020-04-21,175500,176500,177500,168500,1.23M
2020-04-20,175000,172500,179000,172000,857.32K
2020-04-19,172000,172000,172000,172000,-
2020-04-17,172000,169000,172500,167500,944.90K
2020-04-16,165500,159000,167000,158500,1.00M
2020-04-15,159500,159500,159500,159500,-
2020-04-14,159500,159500,160500,158000,429.01K
2020-04-13,157500,161000,161000,157000,468.61K
2020-04-12,161000,161000,161000,161000,-
2020-04-10,161000,158500,161500,157000,751.80K
2020-04-09,158000,161000,161000,157500,713.34K
2020-04-08,158000,159000,160500,158000,734.61K
2020-04-07,160000,163500,164500,158500,911.41K
2020-04-06,160500,158500,161000,157500,804.35K
2020-04-05,157500,157500,157500,157500,-
2020-04-03,157500,158500,159000,155000,544.23K
2020-04-02,157000,152000,157000,149000,1.04M
2020-04-01,150500,156000,158500,150000,784.85K
2020-03-31,155500,155000,159000,152000,1.04M
2020-03-30,153000,149500,154500,147500,631.88K
2020-03-29,152500,152500,152500,152500,-
2020-03-27,152500,156500,157000,149000,956.64K
2020-03-26,150500,155000,156000,150000,0.08K
2020-03-25,154500,160500,162500,151000,0.33K
2020-03-24,154500,150500,155000,147000,0.43K
2020-03-23,143500,138500,148000,138000,0.10K
2020-03-22,149500,149500,149500,149500,-
2020-03-20,149500,138000,151000,134500,1.76M
2020-03-19,134000,146000,147000,127500,0.01K
2020-03-18,141000,148500,152000,140500,1.10M
2020-03-17,147500,141000,150500,140000,1.21M
2020-03-16,147500,162000,164000,147500,1.25M
2020-03-15,159000,159000,159000,159000,-
2020-03-13,159000,150000,161500,145000,1.59M
2020-03-12,161000,167000,169000,158500,1.22M
2020-03-11,169000,172000,174500,167000,547.55K
2020-03-10,173000,164500,174500,164000,948.75K
2020-03-09,167500,171000,171500,166000,802.79K
2020-03-08,175500,175500,175500,175500,-
2020-03-06,175500,176500,178500,174000,561.50K
2020-03-05,179500,182500,183000,176500,810.50K
2020-03-04,179500,174000,181000,174000,707.44K
2020-03-03,175000,180500,181000,175000,627.05K
2020-03-02,175000,174500,176500,169500,769.94K
2020-03-01,172000,172000,172000,172000,-
2020-02-28,172000,174500,176500,170500,1.02M
2020-02-27,178500,184000,185500,176500,782.55K
2020-02-26,184000,183500,185500,181500,513.18K
2020-02-25,185500,182000,186000,180000,595.32K
2020-02-24,183500,184500,186000,182000,787.43K
2020-02-23,189500,189500,189500,189500,-
2020-02-21,189500,188500,191500,187500,557.24K
2020-02-20,190500,190500,191500,188000,545.06K
2020-02-19,190000,184000,190500,183500,1.35M
2020-02-18,182000,180500,183500,179000,586.45K
2020-02-17,180500,180000,182000,179000,328.55K
2020-02-16,180000,180000,180000,180000,-
2020-02-14,180000,181000,184500,179000,855.75K
2020-02-13,179000,174500,181500,173500,1.88M
2020-02-12,172000,169500,172000,168000,405.90K
2020-02-11,170000,169000,170000,168000,300.90K
2020-02-10,169000,167500,169500,166000,374.53K
2020-02-09,167500,167500,167500,167500,-
2020-02-07,167500,167000,170500,166000,521.10K
2020-02-06,166000,165500,168000,163500,550.74K
2020-02-05,163000,166500,167000,161500,438.84K
2020-02-04,164500,161500,165500,160500,393.70K
2020-02-03,159500,156000,160500,156000,407.26K
2020-02-02,159000,159000,159000,159000,-
2020-01-31,159000,162500,164000,158500,343.91K
2020-01-30,162000,163000,165500,160500,418.43K
2020-01-29,163500,165500,166000,162500,254.50K
2020-01-28,162500,160000,163500,159500,512.40K
2020-01-27,165500,165500,165500,165500,-
2020-01-23,165500,168000,168000,164500,322.64K
2020-01-22,166000,166000,169000,164500,468.02K
2020-01-21,165000,168500,169000,163500,388.10K
2020-01-20,168500,169000,170000,167000,379.73K
2020-01-19,168500,168500,168500,168500,-
2020-01-17,168500,171500,172500,168000,351.48K
2020-01-16,171500,170000,172000,170000,259.00K
2020-01-15,170000,167000,170500,166500,461.24K
2020-01-14,167000,167500,168500,165500,422.83K
2020-01-13,167000,165500,167500,165000,474.61K
2020-01-12,165000,165000,165000,165000,-
2020-01-10,165000,165000,166500,163000,401.23K
2020-01-09,164000,163500,165500,162500,877.68K
2020-01-08,159500,158500,162000,156500,849.37K
2020-01-07,160000,155000,160000,154500,839.00K
2020-01-06,154500,150500,155000,150000,393.46K
2020-01-05,152500,152500,152500,152500,-
2020-01-03,152500,153500,155000,151000,314.42K
2020-01-02,152500,154000,154500,152000,240.50K
2019-12-30,153500,154000,155000,153000,352.78K
2019-12-29,153500,153500,153500,153500,-
2019-12-27,153500,149500,154000,149000,690.23K
2019-12-26,148000,146000,148000,146000,319.46K
2019-12-25,146500,146500,146500,146500,-
2019-12-24,146500,148000,150000,144500,366.93K
2019-12-23,148500,151000,151000,148000,278.51K
2019-12-20,150000,150000,153000,149500,542.55K
2019-12-19,150000,150500,151000,149000,174.80K
2019-12-18,151000,150500,152000,149500,250.14K
2019-12-17,150500,151500,152000,149500,272.77K
2019-12-16,151500,151000,152000,150000,296.62K
2019-12-15,151000,151000,151000,151000,-
2019-12-13,151000,150500,151000,148500,455.52K
2019-12-12,149500,151000,151500,149000,708.65K
2019-12-11,150000,150500,150500,147500,478.65K
2019-12-10,149500,150000,151500,147000,514.57K
2019-12-09,151500,154000,154500,151000,266.60K
2019-12-08,153500,153500,153500,153500,-
2019-12-06,153500,149000,154000,149000,414.48K
2019-12-05,149500,155500,156000,148500,840.19K
2019-12-04,156000,156000,156000,154500,232.52K
2019-12-03,157000,155500,157000,154000,235.08K
2019-12-02,156500,156000,156500,153500,249.92K
2019-12-01,155500,155500,155500,155500,-
2019-11-29,155500,156000,159000,153500,470.82K
2019-11-28,157000,156500,157500,155500,217.99K
2019-11-27,157500,158500,159000,156500,293.87K
2019-11-26,157500,157000,158500,156500,360.69K
2019-11-25,156500,153500,156500,153500,298.95K
2019-11-22,153000,153000,155500,152000,331.63K
2019-11-21,154000,156500,157000,151000,666.34K
2019-11-20,156500,156000,159000,155500,331.71K
2019-11-19,156500,157500,157500,155500,322.65K
2019-11-18,157500,155500,158000,155500,371.85K
2019-11-15,155500,154500,155500,153500,280.14K
2019-11-14,154500,154500,155000,152000,650.80K
2019-11-13,153500,152500,154000,151000,376.76K
2019-11-12,153500,154000,154500,152000,395.46K
2019-11-11,154000,153000,155000,152000,500.83K
2019-11-08,152000,152000,155000,151000,877.97K
2019-11-07,151000,152000,154500,147000,1.22M
2019-11-06,151000,149000,151000,148000,515.10K
2019-11-05,148500,146000,149000,145500,502.28K
2019-11-04,146500,146500,147500,145500,434.45K
2019-11-01,145500,142500,146000,142000,715.19K
2019-10-31,141500,139000,144000,138500,725.61K
2019-10-30,138000,140500,140500,137500,250.88K
2019-10-29,139500,141500,142000,138000,356.71K
2019-10-28,140000,142000,145000,139500,665.01K
2019-10-27,140000,140000,140000,140000,-
2019-10-25,140000,140000,141000,139500,195.86K
2019-10-24,139500,140500,142000,139000,489.16K
2019-10-23,140000,136000,140000,135500,1.04M
2019-10-22,136000,134000,136000,134000,336.85K
2019-10-21,133500,132500,134000,131000,213.67K
2019-10-20,132500,132500,132500,132500,-
2019-10-18,132500,131000,133500,131000,331.94K
2019-10-17,130500,131500,132500,129000,617.54K
2019-10-16,132000,134000,134500,128500,752.72K
2019-10-15,134000,135000,135000,133000,189.95K
2019-10-14,134500,136000,136500,134000,317.02K
2019-10-13,135000,135000,135000,135000,-
2019-10-11,135000,136500,137500,134500,238.28K
2019-10-10,136500,133000,137000,132500,693.61K
2019-10-09,134500,134500,134500,134500,-
2019-10-08,134500,134500,135000,133500,224.40K
2019-10-07,134500,134000,135000,133000,246.05K
2019-10-04,133500,134500,136000,133500,237.10K
2019-10-03,135500,135500,135500,135500,-
2019-10-02,135500,136500,137000,135500,151.81K
2019-10-01,137500,136000,138000,136000,251.09K
2019-09-30,135500,134500,136000,134000,201.40K
2019-09-29,135500,135500,135500,135500,-
2019-09-27,135500,136500,136500,134500,168.42K
2019-09-26,136500,137000,137500,135000,210.22K
2019-09-25,136000,137500,138500,136000,301.35K
2019-09-24,138000,135000,138000,134500,465.65K
2019-09-23,134500,135000,136500,134500,206.43K
2019-09-22,135500,135500,135500,135500,-
2019-09-20,135500,135500,135500,133000,354.43K
2019-09-19,135500,136500,137500,135000,242.56K
2019-09-18,137000,133000,137000,133000,682.93K
2019-09-17,132000,132000,134000,132000,325.63K
2019-09-16,132000,134500,135000,131000,411.49K
2019-09-15,133000,133000,133000,133000,-
2019-09-11,133000,135500,136000,133000,733.10K
2019-09-10,135500,133000,135500,132500,310.01K
2019-09-09,133000,135000,135500,132000,670.29K
2019-09-06,136000,135000,136500,135000,156.03K
2019-09-05,135000,138000,139000,134500,597.61K
2019-09-04,138500,137000,139000,136500,425.82K
2019-09-03,137500,137500,138000,136000,291.19K
2019-09-02,137000,134000,137500,133500,574.89K
2019-09-01,134500,134500,134500,134500,-
2019-08-30,134500,134000,135500,134000,400.67K
2019-08-29,133000,133000,133500,131000,349.15K
2019-08-28,133500,134000,135000,132500,254.45K
2019-08-27,134000,133500,135000,133000,495.06K
2019-08-26,132500,130000,133000,129500,373.41K
2019-08-23,133000,132000,133500,130500,302.96K
2019-08-22,133000,131500,135000,131500,596.58K
2019-08-21,131500,131000,133000,130500,284.17K
2019-08-20,132000,131000,132000,129500,368.34K
2019-08-19,130500,130500,131500,129500,222.18K
2019-08-18,129500,129500,129500,129500,-
2019-08-16,129500,129500,130000,128000,299.25K
2019-08-15,130500,130500,130500,130500,-
2019-08-14,130500,133000,133000,129000,337.91K
2019-08-13,131500,130000,132500,129000,361.06K
2019-08-12,130000,133000,133500,129500,262.38K
2019-08-11,132000,132000,132000,132000,-
2019-08-09,132000,128000,133000,127500,779.12K
2019-08-08,127000,128000,129000,125500,954.59K
2019-08-07,123500,124500,125000,121500,423.33K
2019-08-06,122000,118500,124500,117500,649.75K
2019-08-05,122500,128000,129000,121500,595.12K
2019-08-02,128500,126000,130000,123500,443.87K
2019-08-01,126500,126000,128500,125500,248.03K
2019-07-31,127000,125000,128000,124500,293.87K
2019-07-30,126000,128500,129500,126000,465.86K
2019-07-29,129000,130000,132000,128000,362.79K
2019-07-28,131000,131000,131000,131000,-
2019-07-26,131000,129000,132000,127000,698.95K
2019-07-25,131000,136000,136000,128000,1.29M
2019-07-24,136000,136000,138000,134000,682.39K
2019-07-23,136000,134000,136500,133000,466.67K
2019-07-22,134000,134500,136000,133500,360.34K
2019-07-21,135000,135000,135000,135000,-
2019-07-19,135000,132000,135500,131500,655.47K
2019-07-18,131500,130500,132500,130500,170.03K
2019-07-17,131000,132000,132500,129500,326.63K
2019-07-16,133000,133500,134000,132000,298.18K
2019-07-15,133000,132500,136000,131000,781.59K
2019-07-12,131500,131000,132500,129500,295.27K
2019-07-11,130500,131000,133000,130500,525.43K
2019-07-10,131000,132000,132000,129000,312.06K
2019-07-09,131000,128500,132000,128000,462.62K
2019-07-08,128000,133500,133500,128000,579.10K
2019-07-05,133500,133000,134000,131500,457.81K
2019-07-04,132500,131000,132500,129500,361.93K
2019-07-03,131000,131500,132000,130000,298.79K
2019-07-02,131500,129500,131500,128000,263.39K
2019-07-01,129500,132500,133000,129000,432.32K
2019-06-30,131500,131500,131500,131500,-
2019-06-28,131500,131500,133000,130000,361.03K
2019-06-27,131500,131000,133500,130000,701.90K
2019-06-26,129500,131000,132500,129000,514.33K
2019-06-25,130500,129000,131000,127500,953.12K
2019-06-24,126000,127000,128000,125500,305.92K
2019-06-23,126500,126500,126500,126500,-
2019-06-21,126500,124500,128000,124000,807.72K
2019-06-20,122000,122000,124000,120000,276.15K
2019-06-19,122000,122500,122500,121000,177.85K
2019-06-18,121000,121500,123000,120000,343.46K
2019-06-17,121500,125000,125000,121000,328.78K
2019-06-16,125000,125000,125000,125000,-
2019-06-14,125000,127000,128000,124500,356.96K
2019-06-13,126500,124000,127500,123500,746.44K
2019-06-12,124000,124500,125000,122500,212.52K
2019-06-11,124500,124000,125000,122500,244.12K
2019-06-10,124000,120000,125000,119000,459.42K
2019-06-07,120000,120000,120500,117500,536.52K
2019-06-05,120500,121000,121500,119500,306.54K
2019-06-04,119500,122500,124000,116500,845.81K
2019-06-03,122500,123500,125500,122000,314.89K
2019-05-31,124500,124000,126000,123000,324.52K
2019-05-30,124500,122000,125500,122000,459.82K
2019-05-29,121500,122500,123500,120500,320.26K
2019-05-28,123000,121000,125000,120500,565.42K
2019-05-27,122000,125000,126500,120500,547.71K
2019-05-24,124000,123000,124000,120500,762.30K
2019-05-23,124000,125000,127000,123500,424.64K
2019-05-22,125500,125500,126500,121500,836.07K
2019-05-21,125000,126500,127500,125000,693.07K
2019-05-20,126500,126500,128500,125500,888.81K
2019-05-17,124500,129000,129500,124000,2.44M
2019-05-16,133500,132500,134000,130500,554.19K
2019-05-15,132000,135500,136000,130000,1.24M
2019-05-14,134000,127000,135000,126500,1.35M
2019-05-13,128500,130500,130500,127000,583.12K
2019-05-10,130000,128500,131000,127500,1.00M
2019-05-09,126500,133500,133500,126500,1.35M
2019-05-08,128500,126500,130000,125500,688.24K
2019-05-07,127500,126000,130000,126000,663.71K
2019-05-03,128000,126000,129000,125500,1.10M
2019-05-02,123000,120000,124500,119500,729.86K
2019-04-30,120000,119000,121000,118500,493.14K
2019-04-29,119500,115500,119500,114000,511.63K
2019-04-26,115000,115500,117500,113000,366.21K
2019-04-25,116000,117500,118000,115000,290.48K
2019-04-24,118000,117500,118500,115500,442.05K
2019-04-23,116500,118500,119500,116000,257.27K
2019-04-22,118000,118000,120500,117000,456.75K
2019-04-19,117000,117000,119000,115000,328.90K
2019-04-18,116500,119000,119500,116000,420.02K
2019-04-17,117500,117000,119000,115500,650.41K
2019-04-16,117500,113500,118000,112500,1.72M
2019-04-15,110500,104000,110500,103000,1.22M
2019-04-12,102500,102500,102500,101500,160.83K
2019-04-11,102500,103000,103000,101500,252.63K
2019-04-10,102500,101000,103000,100500,262.65K
2019-04-09,100500,102000,102000,100000,382.26K
2019-04-08,102000,103000,103500,101500,202.99K
2019-04-05,102500,102500,103000,102000,131.82K
2019-04-04,102500,102500,103000,101500,260.64K
2019-04-03,102500,103000,104000,102000,292.56K
2019-04-02,103500,103500,104000,102000,227.08K
2019-04-01,103000,103500,104000,102000,215.09K
2019-03-29,103500,103000,104000,102500,152.20K
2019-03-28,102500,102000,104000,102000,161.77K
2019-03-27,102500,104500,104500,102000,208.40K
2019-03-26,104000,102500,105500,102000,257.12K
2019-03-25,102000,102000,104000,101500,171.35K
2019-03-22,104000,103000,104500,103000,238.88K
2019-03-21,102500,102000,104000,101500,229.27K
2019-03-20,102000,103000,103500,100000,490.87K
2019-03-19,102500,107500,108500,102500,583.99K
2019-03-18,107500,108000,108500,107000,197.03K
2019-03-15,107500,106500,108500,106500,461.92K
2019-03-14,106500,105000,107500,104500,443.14K
2019-03-13,104000,104000,106500,103500,239.46K
2019-03-12,103500,106500,107000,103500,379.33K
2019-03-11,106000,108000,108000,104500,275.45K
2019-03-08,107500,109000,109500,106500,790.90K
2019-03-07,104500,105500,107000,103500,302.80K
2019-03-06,105500,107000,108000,104000,297.18K
2019-03-05,106500,108000,108000,105500,471.28K
2019-03-04,108500,105500,109000,105000,850.88K
2019-02-28,103500,105000,106500,103500,730.14K
2019-02-27,105000,104500,105500,103000,550.94K
2019-02-26,103500,98400,103500,98400,1.24M
2019-02-25,98300,99400,99800,98100,368.97K
2019-02-22,99300,99500,100500,98800,293.13K
2019-02-21,98900,99800,101000,98800,326.77K
2019-02-20,99700,100500,101000,98500,385.68K
2019-02-19,100000,101500,102000,100000,229.06K
2019-02-18,102000,102500,103000,101000,354.46K
2019-02-17,101500,101500,101500,101500,-
2019-02-15,101500,101500,103500,100500,652.77K
2019-02-14,100500,97800,101000,96100,834.34K
2019-02-13,98100,96500,98900,95500,518.90K
2019-02-12,96000,95600,96500,93300,579.41K
2019-02-11,95600,98500,98700,95300,824.88K
2019-02-10,98200,98200,98200,98200,-
2019-02-08,98200,98700,99100,98100,314.02K
2019-02-07,99000,100000,100000,98700,306.90K
2019-02-06,99600,99600,99600,99600,-
2019-02-01,99600,99400,100500,99200,347.43K
2019-01-31,99300,100500,100500,98800,544.56K
2019-01-30,99900,102000,102500,99500,563.26K
2019-01-29,102000,101500,102000,101000,224.60K
2019-01-28,102000,103000,104000,101500,275.08K
2019-01-27,102500,102500,102500,102500,-
2019-01-25,102500,101500,103000,101000,354.46K
2019-01-24,102000,102500,103500,101000,282.03K
2019-01-23,102500,101500,103000,100500,359.29K
2019-01-22,102000,99400,102500,99300,447.66K
2019-01-21,98800,99900,100000,98700,252.03K
2019-01-20,99600,99600,99600,99600,-
2019-01-18,99600,99000,99900,98900,290.79K
2019-01-17,98500,100000,102000,98500,434.31K
2019-01-16,100000,100500,101000,99800,216.77K
2019-01-15,99900,100000,102500,99500,379.30K
2019-01-14,100000,102000,102000,99800,241.94K
2019-01-13,102000,102000,102000,102000,-
2019-01-11,102000,101000,103500,101000,180.01K
2019-01-10,101000,101000,103000,100500,289.89K
2019-01-09,102000,100500,102500,100000,356.40K
2019-01-08,99900,102500,103000,99500,449.57K
2019-01-07,103000,105000,107000,102000,376.28K
2019-01-06,103500,103500,103500,103500,-
2019-01-04,103500,102000,104000,101500,250.84K
2019-01-03,102500,102500,105500,100500,293.72K
2019-01-02,102000,103500,105000,101500,172.53K
2019-01-01,103000,103000,103000,103000,-
2018-12-28,103000,101000,104500,101000,190.54K
2018-12-27,101500,100500,102000,100000,216.63K
2018-12-26,98500,99000,100500,98000,491.63K
2018-12-25,101000,101000,101000,101000,-
2018-12-24,101000,104500,104500,100000,318.78K
2018-12-23,104500,104500,104500,104500,-
2018-12-21,104500,102500,104500,101000,428.86K
2018-12-20,103000,107000,107000,101000,578.50K
2018-12-19,108000,108500,109000,106000,217.76K
2018-12-18,108500,108500,111000,107000,188.51K
2018-12-17,110500,110000,112000,108500,172.86K
2018-12-16,110000,110000,110000,110000,-
2018-12-14,110000,110500,111500,109000,188.75K
2018-12-13,111500,111500,114500,110500,494.12K
2018-12-12,110000,107000,111000,105500,393.19K
2018-12-11,107000,110000,110500,106500,460.34K
2018-12-10,111000,113000,113500,110000,329.98K
2018-12-09,114500,114500,114500,114500,-
2018-12-07,114500,116500,117000,112000,353.83K
2018-12-06,116000,115000,117500,114500,395.10K
2018-12-05,114500,112000,115000,111500,221.56K
2018-12-04,113500,114000,115000,113000,262.87K
2018-12-03,113500,114500,115000,112500,261.35K
2018-12-02,112500,112500,112500,112500,-
2018-11-30,112500,112000,113000,111500,346.40K
2018-11-29,112000,113000,114000,111000,262.62K
2018-11-28,112000,111500,113000,111000,185.19K
2018-11-27,110500,113000,114000,110000,270.01K
2018-11-26,112500,107500,113000,107500,456.27K
2018-11-25,108000,108000,108000,108000,-
2018-11-23,108000,107000,109500,106000,242.13K
2018-11-22,106500,107000,107500,106000,143.23K
2018-11-21,107500,105000,107500,104500,205.19K
2018-11-20,107000,106500,107500,105000,234.48K
2018-11-19,107000,102500,107500,102500,345.89K
2018-11-18,102500,102500,102500,102500,-
2018-11-16,102500,105000,106000,102000,190.18K
2018-11-15,104000,102500,104000,101500,163.97K
2018-11-14,103000,102500,104000,101500,250.71K
2018-11-13,101500,98800,101500,98700,277.65K
2018-11-12,101000,101000,101500,100000,200.85K
2018-11-11,100500,100500,100500,100500,-
2018-11-09,100500,100000,102000,98700,286.51K
2018-11-08,100000,97900,102000,97800,643.59K
2018-11-07,95600,97100,97700,95200,267.67K
2018-11-06,96600,95700,97500,95000,195.34K
2018-11-05,95500,97000,97400,94700,338.92K
2018-11-02,98200,95200,98500,94100,407.84K
2018-11-01,93100,92000,95600,91900,372.21K
2018-10-31,91600,90900,92800,89700,334.20K
2018-10-30,90500,86000,91100,86000,520.67K
2018-10-29,87600,89900,92400,87200,593.75K
2018-10-26,90900,95000,95500,89900,650.61K
2018-10-25,94200,97300,97300,92000,1.02M
2018-10-24,99200,101000,101500,98900,311.39K
2018-10-23,100500,102500,103500,100000,192.97K
2018-10-22,102500,101500,104000,100500,207.43K
2018-10-19,101000,100000,102000,99100,267.38K
2018-10-18,100500,100000,101500,99700,172.17K
2018-10-17,100500,103000,103000,100000,301.88K
2018-10-16,100500,99300,101000,99300,183.24K
2018-10-15,99300,101000,102000,99200,219.23K
2018-10-14,101000,101000,101000,101000,-
2018-10-12,101000,98500,102000,97600,535.84K
2018-10-11,98500,100000,102000,98500,951.81K
2018-10-10,104000,106500,108500,104000,511.78K
2018-10-09,107500,107500,107500,107500,-
2018-10-08,107500,107500,110500,107500,183.30K
2018-10-07,109000,109000,109000,109000,-
2018-10-05,109000,110500,111500,108500,475.82K
2018-10-04,112000,114500,115500,111000,602.10K
2018-10-03,115500,115500,115500,115500,-
2018-10-02,115500,120500,121000,114500,613.51K
2018-10-01,119500,120000,123500,119500,365.88K
2018-09-30,119000,119000,119000,119000,-
2018-09-28,119000,120000,120500,119000,228.59K
2018-09-27,120500,119000,121000,119000,274.85K
2018-09-26,118500,118500,118500,118500,-
2018-09-21,118500,121500,123500,118500,664.73K
2018-09-20,117500,118000,119500,117000,306.37K
2018-09-19,117000,121000,121000,116500,575.57K
2018-09-18,120500,122000,122500,120000,377.53K
2018-09-17,121500,120500,121500,118000,351.22K
2018-09-16,120000,120000,120000,120000,-
2018-09-14,120000,120500,121000,118500,286.08K
2018-09-13,121000,121000,122000,119500,407.00K
2018-09-12,120000,116500,120500,116500,344.33K
2018-09-11,116500,118500,118500,116000,423.19K
2018-09-10,119000,119000,120500,118500,214.90K
2018-09-09,120000,120000,120000,120000,-
2018-09-07,120000,120000,120500,118500,205.47K
2018-09-06,120000,121500,122000,119000,298.32K
2018-09-05,121000,122000,123500,121000,214.62K
2018-09-04,122000,121500,123000,120500,267.76K
2018-09-03,121500,125000,125500,121000,458.85K
2018-09-02,125000,125000,125000,125000,-
2018-08-31,125000,124000,125500,123000,431.04K
2018-08-30,126500,126500,128000,125500,296.53K
2018-08-29,126500,125000,127500,124000,749.03K
2018-08-28,125500,127000,127500,123500,479.85K
2018-08-27,128000,124000,128000,124000,579.88K
2018-08-26,124000,124000,124000,124000,-
2018-08-24,124000,125000,125000,123000,280.28K
2018-08-23,125500,125000,126000,123500,289.91K
2018-08-22,124500,125500,125500,122500,331.88K
2018-08-21,124000,125000,126500,124000,351.34K
2018-08-20,124500,127000,128000,124000,327.12K
2018-08-19,127000,127000,127000,127000,-
2018-08-17,127000,128500,129000,126500,325.94K
2018-08-16,127500,124500,128000,124000,474.46K
2018-08-15,127500,127500,127500,127500,-
2018-08-14,127500,125000,128500,123000,506.40K
2018-08-13,124000,126500,127500,122500,633.05K
2018-08-12,128000,128000,128000,128000,-
2018-08-10,128000,125500,129500,124000,1.26M
2018-08-09,125500,121000,126000,119500,1.61M
2018-08-08,119000,122000,124500,118000,1.21M
2018-08-07,120000,114000,120000,113000,712.33K
2018-08-06,113500,113500,114500,112500,189.38K
2018-08-05,113000,113000,113000,113000,-
2018-08-03,113000,111500,113000,111500,167.76K
2018-08-02,111000,112500,115000,111000,310.43K
2018-08-01,112500,112500,113500,111500,275.77K
2018-07-31,112500,115000,116000,111500,653.46K
2018-07-30,116500,118500,119000,116000,307.39K
2018-07-29,119500,119500,119500,119500,-
2018-07-27,119500,117500,120000,116500,565.33K
2018-07-26,117500,118000,118500,116000,260.39K
2018-07-25,118000,117500,118000,116000,307.67K
2018-07-24,117000,115500,118000,115000,501.87K
2018-07-23,115500,115000,117000,113500,345.78K
2018-07-20,115000,114000,115500,113000,184.52K
2018-07-19,114000,113000,115500,112500,266.36K
2018-07-18,113000,115000,116500,112000,348.13K
2018-07-17,114000,116000,116500,113500,370.96K
2018-07-16,116500,118000,118500,115500,235.14K
2018-07-15,118000,118000,118000,118000,-
2018-07-13,118000,118000,119000,116500,300.57K
2018-07-12,117500,117000,118000,115500,443.57K
2018-07-11,116500,116000,117000,115000,248.66K
2018-07-10,117000,117500,118000,116000,221.71K
2018-07-09,117500,114500,117500,114500,392.49K
2018-07-08,114500,114500,114500,114500,-
2018-07-06,114500,116500,117000,113000,382.11K
2018-07-05,116500,117000,118500,115500,346.66K
2018-07-04,117000,114500,118000,114000,843.94K
2018-07-03,114000,113500,115000,112500,313.57K
2018-07-02,111500,115500,116500,111500,414.28K
2018-06-29,114500,113000,115500,112000,578.74K
2018-06-28,111500,110000,112500,109000,220.77K
2018-06-27,111000,112500,113500,110000,309.34K
2018-06-26,112000,112500,113000,111000,249.29K
2018-06-25,114000,114000,114500,112000,344.82K
2018-06-24,114000,114000,114000,114000,-
2018-06-22,114000,106500,114500,106500,649.57K
2018-06-21,107000,107500,109000,106000,172.38K
2018-06-20,108000,106000,109000,106000,289.83K
2018-06-19,106500,107000,110500,105500,249.70K
2018-06-18,107500,109000,110000,106000,404.77K
2018-06-17,109500,109500,109500,109500,-
2018-06-15,109500,112000,112000,109000,335.21K
2018-06-14,112000,114000,114000,112000,248.11K
2018-06-13,114000,114000,114000,114000,-
2018-06-12,114000,114000,114500,113000,178.99K
2018-06-11,114000,113000,114500,112000,250.19K
2018-06-10,113000,113000,113000,113000,-
2018-06-08,113000,112000,113500,110500,392.46K
2018-06-07,111500,112000,113500,109000,354.21K
2018-06-06,111500,111500,111500,111500,-
2018-06-05,111500,108000,112000,107000,476.15K
2018-06-04,108000,104000,108500,104000,431.20K
2018-06-03,104500,104500,104500,104500,-
2018-06-01,104500,103500,107000,103500,377.36K
2018-05-31,103500,104500,106000,103000,466.28K
2018-05-30,104000,107000,107500,103500,596.97K
2018-05-29,108000,108000,110000,107500,316.01K
2018-05-28,108000,111000,111500,108000,676.75K
2018-05-27,112000,112000,112000,112000,-
2018-05-25,112000,112000,114000,111500,255.91K
2018-05-24,113000,112000,114000,112000,207.38K
2018-05-23,112500,113000,114500,112500,283.73K
2018-05-22,113500,113500,113500,113500,-
2018-05-21,113500,113500,114500,112500,173.63K
2018-05-20,113500,113500,113500,113500,-
2018-05-18,113500,118500,119000,112500,811.71K
2018-05-17,116500,117500,118500,116000,333.43K
2018-05-16,117000,114500,117000,113500,464.74K
2018-05-15,114500,112000,115000,112000,318.08K
2018-05-14,113000,114500,116000,111000,655.03K
2018-05-13,117000,117000,117000,117000,-
2018-05-11,117000,117500,118000,116000,346.05K
2018-05-10,117000,113000,118000,111000,837.02K
2018-05-09,113000,111000,113000,110500,329.70K
2018-05-08,112000,112000,113000,110000,328.26K
2018-05-07,112000,112000,112000,112000,-
2018-05-04,112000,113000,113500,111500,249.45K
2018-05-03,113500,114500,116500,113000,349.95K
2018-05-02,114500,110500,114500,109500,525.16K
2018-05-01,111000,111000,111000,111000,-
2018-04-30,111000,113500,114000,110000,616.92K
2018-04-29,113500,113500,113500,113500,-
2018-04-27,113500,115000,115500,112000,378.35K
2018-04-26,114000,116500,117500,113500,364.89K
2018-04-25,115500,115500,119000,113500,576.02K
2018-04-24,115000,112000,115500,111000,471.01K
2018-04-23,111000,114500,114500,111000,667.27K
2018-04-22,115000,115000,115000,115000,-
2018-04-20,115000,116500,117500,113500,647.34K
2018-04-19,116500,119000,119000,116000,647.84K
2018-04-18,119500,120000,121500,118500,494.06K
2018-04-17,118000,117500,120000,117500,397.54K
2018-04-16,117000,120500,120500,116500,811.03K
2018-04-15,120500,120500,120500,120500,-
2018-04-13,120500,120500,122000,119500,367.34K
2018-04-12,120000,122000,122500,120000,364.73K
2018-04-11,121500,124000,125000,121000,375.45K
2018-04-10,122500,121500,123500,121500,321.44K
2018-04-09,121500,121500,122500,120000,545.32K
2018-04-08,122500,122500,122500,122500,-
2018-04-06,122500,125000,125500,122000,358.93K
2018-04-05,124500,125000,126000,124000,298.35K
2018-04-04,123500,129000,129000,123500,720.70K
2018-04-03,128500,127000,130500,126500,481.80K
2018-04-02,129000,132500,133500,128500,453.03K
2018-04-01,132000,132000,132000,132000,-
2018-03-30,132000,131500,133500,130000,445.35K
2018-03-29,129500,129500,131000,126500,436.23K
2018-03-28,129000,129000,130500,128000,461.38K
2018-03-27,131500,134500,134500,131000,397.72K
2018-03-26,131000,129500,132500,126500,835.47K
2018-03-25,130500,130500,130500,130500,-
2018-03-23,130500,135000,136000,129500,1.18M
2018-03-22,138000,137000,139000,135500,566.55K
2018-03-21,138000,139000,140000,137500,412.81K
2018-03-20,139000,135500,140000,135000,552.97K
2018-03-19,137500,140000,140500,136000,605.72K
2018-03-18,141000,141000,141000,141000,-
2018-03-16,141000,141500,143000,139000,1.02M
2018-03-15,141500,137500,141500,137000,947.57K
2018-03-14,137000,139500,140000,136000,700.39K
2018-03-13,140500,135500,141000,135000,1.31M
2018-03-12,135000,136000,136500,134500,383.29K
2018-03-11,134000,134000,134000,134000,-
2018-03-09,134000,133000,135500,131000,751.40K
2018-03-08,132000,129500,132000,128500,497.46K
2018-03-07,129500,133000,133500,129000,595.16K
2018-03-06,132500,126000,134000,126000,1.16M
2018-03-05,123000,127500,128000,123000,413.78K
2018-03-04,127500,127500,127500,127500,-
2018-03-02,127500,126500,128500,124500,472.04K
2018-03-01,128000,128000,128000,128000,-
2018-02-28,128000,130000,132500,127000,773.59K
2018-02-27,131000,124000,131000,124000,1.27M
2018-02-26,123000,124500,124500,122500,302.53K
2018-02-25,123500,123500,123500,123500,-
2018-02-23,123500,123500,124000,122000,300.33K
2018-02-22,123500,124500,125000,122000,304.86K
2018-02-21,124500,123500,125500,122000,395.23K
2018-02-20,123000,124000,124500,121500,286.74K
2018-02-19,124000,126000,126000,123000,415.55K
2018-02-18,122500,122500,122500,122500,-
2018-02-14,122500,119500,125000,119000,856.03K
2018-02-13,119000,120000,121000,118500,708.13K
2018-02-12,118000,119000,120000,116500,812.37K
2018-02-11,118000,118000,118000,118000,-
2018-02-09,118000,121500,124500,117000,2.06M
2018-02-08,126500,127000,130000,124500,1.01M
2018-02-07,126500,134000,134500,126500,999.84K
2018-02-06,131000,126500,131000,125000,1.75M
2018-02-05,134500,139500,140000,134500,1.52M
2018-02-04,143500,143500,143500,143500,-
2018-02-02,143500,142000,145000,141500,1.87M
2018-02-01,141500,140000,142000,137500,908.23K
2018-01-31,140000,137500,140000,135000,937.88K
2018-01-30,138500,139000,140500,137500,638.40K
2018-01-29,139000,141000,141500,138500,704.10K
2018-01-28,140000,140000,140000,140000,-
2018-01-26,140000,136000,141000,135000,1.27M
2018-01-25,135000,135000,137500,134500,646.52K
2018-01-24,135000,136500,138000,134500,758.45K
2018-01-23,136500,135500,138000,135000,959.97K
2018-01-22,135500,138000,139000,135000,810.72K
2018-01-21,138000,138000,138000,138000,-
2018-01-19,138000,136000,139000,134000,1.13M
2018-01-18,135500,134500,138500,134000,1.96M
2018-01-17,134000,139000,139000,133000,2.40M
2018-01-16,140500,144500,145000,140000,1.07M
2018-01-15,145000,141500,147500,141500,1.25M
2018-01-14,140500,140500,140500,140500,-
2018-01-12,140500,145500,145500,139000,1.37M
2018-01-11,140500,142000,146500,138000,2.41M
2018-01-10,149500,156000,158500,148000,1.64M
2018-01-09,157000,158000,160000,154500,1.01M
2018-01-08,159500,160500,162500,158000,1.47M
2018-01-07,156000,156000,156000,156000,-
2018-01-05,156000,157000,158000,152000,1.06M
2018-01-04,156000,152500,159000,149500,2.25M
2018-01-03,149000,150500,151000,145500,1.15M
2018-01-02,146500,140000,147000,139500,1.34M
2018-01-01,137000,137000,137000,137000,-
2017-12-28,137000,139500,141500,134500,944.40K
2017-12-27,139500,130000,140000,129500,1.56M
2017-12-26,126000,130500,130500,125000,725.51K
2017-12-25,129500,129500,129500,129500,-
2017-12-22,129500,128000,130500,126500,584.48K
2017-12-21,129000,134000,134000,129000,712.31K
2017-12-20,133500,135000,137500,133500,389.23K
2017-12-19,135500,133500,136500,131500,679.30K
2017-12-18,134500,138000,139500,133500,1.46M
2017-12-17,142500,142500,142500,142500,-
2017-12-15,142500,144500,145000,142000,306.22K
2017-12-14,144000,142000,145000,142000,638.68K
2017-12-13,141000,141000,142000,138500,282.39K
2017-12-12,141000,139500,143500,138000,439.92K
2017-12-11,140000,140500,140500,138000,283.64K
2017-12-10,138500,138500,138500,138500,0.73K
2017-12-08,138500,137000,140500,137000,563.21K
2017-12-07,135500,138000,139000,133000,812.09K
2017-12-06,138000,139500,143000,138000,467.02K
2017-12-05,140500,139000,141000,134000,732.94K
2017-12-04,139500,140500,143000,138500,479.65K
2017-12-03,140000,140000,140000,140000,1.25K
2017-12-01,140000,136500,141000,136500,864.63K
2017-11-30,136500,145000,145500,135000,1.78M
2017-11-29,145000,146000,146500,142000,905.80K
2017-11-28,145500,147500,148000,145000,648.99K
2017-11-27,147500,147500,151000,147000,769.55K
2017-11-26,148000,148000,148000,148000,0.22K
2017-11-24,148000,150000,153500,146500,1.15M
2017-11-23,149500,155000,156000,149500,1.17M
2017-11-22,154500,161000,161500,153000,1.71M
2017-11-21,161000,161500,166000,160000,1.24M
2017-11-20,160000,158500,161000,158000,710.50K
2017-11-19,157500,157500,157500,157500,0.06K
2017-11-17,157500,155500,159500,154500,715.38K
2017-11-16,154500,154000,155500,152000,418.66K
2017-11-15,154000,155500,156000,153500,488.97K
2017-11-14,155000,154000,156000,152500,515.08K
2017-11-13,154000,153000,155500,152000,601.75K
2017-11-12,152500,152500,152500,152500,0.74K
2017-11-10,152500,151000,156000,150000,734.15K
2017-11-09,152500,159500,162500,149500,1.63M
2017-11-08,157500,154500,158000,154000,808.03K
2017-11-07,154000,153500,155000,152000,478.23K
2017-11-06,153000,153500,154000,151500,495.26K
2017-11-05,152500,152500,152500,152500,0.69K
2017-11-03,152500,151000,153000,146500,622.06K
2017-11-02,150000,152500,153000,149000,505.65K
2017-11-01,151000,145000,151500,143000,1.02M
2017-10-31,144000,143000,146000,142500,463.58K
2017-10-30,142000,144000,146500,140500,650.33K
2017-10-29,143500,143500,143500,143500,6.16K
2017-10-27,143500,139500,143500,136500,1.03M
2017-10-26,140000,145500,145500,139000,1.89M
2017-10-25,146000,151500,152000,145000,760.26K
2017-10-24,150000,151000,153000,150000,463.84K
2017-10-23,151000,149000,151500,147500,560.26K
2017-10-22,150000,150000,150000,150000,0.28K
2017-10-20,150000,149000,151500,148000,661.72K
2017-10-19,147000,149000,151500,145000,1.06M
2017-10-18,148500,156500,156500,147500,1.63M
2017-10-17,157500,157000,159000,153000,714.67K
2017-10-16,156000,150500,157000,146000,1.72M
2017-10-15,152500,152500,152500,152500,3.16K
2017-10-13,152500,160000,168000,151500,2.52M
2017-10-12,159500,151500,159500,151000,1.30M
2017-10-11,150500,149500,151500,148000,521.94K
2017-10-10,149000,147000,149500,145500,830.87K
2017-10-09,144000,144000,144000,144000,0.12K
2017-09-29,144000,140500,145000,139500,747.58K
2017-09-28,139500,140500,141000,139000,318.70K
2017-09-27,140500,141500,142000,139500,454.45K
2017-09-26,141000,138500,141500,138500,545.55K
2017-09-25,138500,136000,140500,134000,688.79K
2017-09-24,138500,138500,138500,138500,2.62K
2017-09-22,138500,140000,142500,137000,914.39K
2017-09-21,142000,144000,144500,139500,812.38K
2017-09-20,142500,138000,144000,138000,1.31M
2017-09-19,137000,135000,137000,132000,642.55K
2017-09-18,135500,136500,137500,135000,712.20K
2017-09-17,135500,135500,135500,135500,0.22K
2017-09-15,135500,132500,136000,131000,1.14M
2017-09-14,132000,129000,133000,128500,2.48M
2017-09-13,127500,130000,130000,127000,964.33K
2017-09-12,130500,130500,131000,128500,637.20K
2017-09-11,130500,130000,132000,129500,660.70K
2017-09-10,129500,129500,129500,129500,0.11K
2017-09-08,129500,128000,130000,127500,650.43K
2017-09-07,127000,128000,129000,126500,633.60K
2017-09-06,128000,126000,129000,125000,1.08M
2017-09-05,125500,121500,126000,120500,1.04M
2017-09-04,119500,117500,122000,117500,722.73K
2017-09-03,122000,122000,122000,122000,0.04K
2017-09-01,122000,123000,123000,120000,506.83K
2017-08-31,123000,123000,124500,122000,613.06K
2017-08-30,122000,122500,125000,122000,1.27M
2017-08-29,119000,117000,120000,116500,672.13K
2017-08-28,118000,118000,118500,116500,297.17K
2017-08-25,117500,117500,118500,116500,409.57K
2017-08-24,116500,115500,118500,115500,491.10K
2017-08-23,115000,116500,116500,114500,283.59K
2017-08-22,115500,114500,116500,113000,433.30K
2017-08-21,114000,114000,115000,113000,256.07K
2017-08-20,113500,113500,113500,113500,0.31K
2017-08-18,113500,113000,115000,112500,352.58K
2017-08-17,114500,115500,116000,113500,357.45K
2017-08-16,114500,114500,115000,113500,543.37K
2017-08-14,113000,112500,114000,111000,700.10K
2017-08-13,110000,110000,110000,110000,-
2017-08-11,110000,107500,110500,106500,776.02K
2017-08-10,108500,110000,111500,107000,784.84K
2017-08-09,108500,111000,111500,107500,617.05K
2017-08-08,111000,110500,113500,110500,474.55K
2017-08-07,110500,111000,112500,108000,674.98K
2017-08-06,110500,110500,110500,110500,4.82K
2017-08-04,110500,113500,115500,110000,926.51K
2017-08-03,114500,116500,117000,112500,995.46K
2017-08-02,114500,113500,116500,110500,2.14M
2017-08-01,118000,121500,124500,117000,2.47M
2017-07-31,120000,113500,121000,112500,3.10M
2017-07-30,111000,111000,111000,111000,0.73K
2017-07-28,111000,112500,114000,109500,1.68M
2017-07-27,109500,107500,109500,106000,735.39K
2017-07-26,105500,108000,108500,104000,465.48K
2017-07-25,107500,109500,110000,107000,322.42K
2017-07-24,109000,108500,110500,107000,627.33K
2017-07-23,108000,108000,108000,108000,0.02K
2017-07-21,108000,105500,108000,105000,592.52K
2017-07-20,105000,106000,106500,105000,346.03K
2017-07-19,105000,105000,106000,103500,442.67K
2017-07-18,103500,101500,104500,101000,699.02K
2017-07-17,100500,99200,101000,99200,211.43K
2017-07-16,99000,99000,99000,99000,0.07K
2017-07-14,99000,100500,101500,99000,196.50K
2017-07-13,99900,99200,100500,98500,316.94K
2017-07-12,98500,98500,99900,97600,620.30K
2017-07-11,100500,102500,102500,99700,350.82K
2017-07-10,102000,102500,103500,101000,354.98K
2017-07-07,101600,103500,103700,100200,992.11K
2017-07-06,104100,103300,105900,103200,703.66K
2017-07-05,102500,98500,102600,98500,593.20K
2017-07-04,98300,99900,100500,98000,433.64K
2017-07-03,99400,102400,102700,99100,462.18K
2017-06-30,101500,100300,103300,100300,321.05K
2017-06-29,101500,102400,102700,100800,250.34K
2017-06-28,100800,102200,103000,100500,416.76K
2017-06-27,103800,100700,104400,100400,666.72K
2017-06-26,100200,101700,102100,99700,387.69K
2017-06-25,101500,101500,101500,101500,0.26K
2017-06-23,101500,97800,101500,97500,538.75K
2017-06-22,98000,99800,99900,97100,550.99K
2017-06-21,98800,100200,100300,98000,950.90K
2017-06-20,101500,104900,105000,101100,556.22K
2017-06-19,103800,102400,104500,102400,394.34K
2017-06-18,102900,102900,102900,102900,1.54K
2017-06-16,102900,105300,105400,102100,943.24K
2017-06-15,105500,106700,106900,104800,417.00K
2017-06-14,106400,108100,108400,105000,670.46K
2017-06-13,106900,106200,107500,105500,654.08K
2017-06-12,105000,107000,107800,103400,1.28M
2017-06-11,109800,109800,109800,109800,0.72K
2017-06-09,109800,108500,110000,107900,587.61K
2017-06-08,108500,108800,110100,106700,991.81K
2017-06-07,108000,105000,108300,104200,1.02M
2017-06-06,104500,104500,104500,104500,0.12K
2017-06-05,104500,101500,104600,101200,837.52K
2017-06-04,100800,100800,100800,100800,0.03K
2017-06-02,100800,99200,100900,99200,601.19K
2017-06-01,98800,99000,99400,98200,267.81K
2017-05-31,98800,98200,99400,98200,542.45K
2017-05-30,98100,99500,99700,98000,450.48K
2017-05-29,99200,100200,100200,99100,380.72K
2017-05-28,99700,99700,99700,99700,0.02K
2017-05-26,99700,99200,101000,99100,493.73K
2017-05-25,98600,99900,99900,98600,371.87K
2017-05-24,99500,98900,99500,98200,364.16K
2017-05-23,99000,99600,99800,98500,440.52K
2017-05-22,99500,99000,99500,97700,584.27K
2017-05-21,98000,98000,98000,98000,0.47K
2017-05-19,98000,95500,98400,95500,862.67K
2017-05-18,95200,94000,95500,93800,491.98K
2017-05-17,95200,95500,95600,94200,366.13K
2017-05-16,95200,94500,95400,94100,521.20K
2017-05-15,93800,95800,96300,93500,633.29K
2017-05-14,95800,95800,95800,95800,0.32K
2017-05-12,95800,95700,95800,94500,455.35K
2017-05-11,95200,95800,96000,94800,737.61K
2017-05-10,94000,95800,95800,93600,589.82K
2017-05-09,95000,95000,95000,95000,0.69K
2017-05-08,95000,94200,95000,93400,604.24K
2017-05-07,94000,94000,94000,94000,0.62K
2017-05-04,94000,93800,94900,93200,640.74K
2017-05-03,92600,92600,92600,92600,-
2017-05-02,92600,91500,92800,91000,544.07K
2017-05-01,90400,90400,90400,90400,0.01K
2017-04-28,90400,91700,92300,89300,595.86K
2017-04-27,91400,93000,93000,91200,485.57K
2017-04-26,92600,91800,94100,91400,1.22M
2017-04-25,90800,90700,90800,89600,511.41K
2017-04-24,90200,90600,91500,89300,607.72K
2017-04-23,90000,90000,90000,90000,2.72K
2017-04-21,90000,91700,91900,89600,856.61K
2017-04-20,90800,88900,91100,88200,1.55M
2017-04-19,87200,87000,88600,86500,685.55K
2017-04-18,88200,89100,89800,88000,537.66K
2017-04-17,89100,90000,90300,88400,746.91K
2017-04-16,88800,88800,88800,88800,0.40K
2017-04-14,88800,87800,90200,87500,1.14M
2017-04-13,88000,85700,88500,85600,1.36M
2017-04-12,85900,85700,86200,85100,463.48K
2017-04-11,85700,84700,86200,84100,721.04K
2017-04-10,84900,87100,87100,84200,782.31K
2017-04-09,86600,86600,86600,86600,3.31K
2017-04-07,86600,85300,87100,84900,1.40M
2017-04-06,84500,84500,85000,83300,1.32M
2017-04-05,85900,86800,88700,85600,1.20M
2017-04-04,85700,87500,87600,85700,595.61K
2017-04-03,87000,83500,87000,83400,860.93K
2017-04-02,83100,83100,83100,83100,-
2017-03-31,83100,83500,83700,82700,178.63K
2017-03-30,82800,84100,84100,82700,229.51K
2017-03-29,83800,84000,84100,82900,241.88K
2017-03-28,83200,83300,84000,82400,345.41K
2017-03-27,82900,83400,84200,82800,317.91K
2017-03-26,84100,84100,84100,84100,-
2017-03-24,84100,86200,86200,83100,536.53K
2017-03-23,85900,86700,86700,85400,310.40K
2017-03-22,86600,85500,86700,84700,475.36K
2017-03-21,86100,85000,86200,84300,514.97K
2017-03-20,84900,84700,85200,82500,505.74K
2017-03-19,84000,84000,84000,84000,0.10K
2017-03-17,84000,83800,84100,83200,220.33K
2017-03-16,83800,82900,83800,81500,467.98K
2017-03-15,82200,83600,83800,82000,317.31K
2017-03-14,83500,84600,84800,82600,624.67K
2017-03-13,84800,85400,85500,84000,339.01K
2017-03-12,85300,85300,85300,85300,0.01K
2017-03-10,85300,83500,85800,81600,500.72K
2017-03-09,82800,83500,84900,82800,348.97K
2017-03-08,83000,84200,84300,82700,285.81K
2017-03-07,83700,83600,84300,82600,277.13K
2017-03-06,83800,85000,85700,83600,369.13K
2017-03-05,85800,85800,85800,85800,0.02K
2017-03-03,85800,85000,86500,84400,396.02K
2017-03-02,85300,86000,86100,84500,353.57K
2017-03-01,85400,85400,85400,85400,0.06K
2017-02-28,85400,86500,86800,84900,443.73K
2017-02-27,85800,87500,87900,85700,329.78K
2017-02-26,88100,88100,88100,88100,0.13K
2017-02-24,88100,88500,89600,87600,369.13K
2017-02-23,87900,89100,89500,87600,505.28K
2017-02-22,89500,88600,90200,88200,1.03M
2017-02-21,88400,85700,89100,85700,1.57M
2017-02-20,84800,84400,85300,83600,293.75K
2017-02-19,84700,84700,84700,84700,0.15K
2017-02-17,84700,82400,85300,82400,562.90K
2017-02-16,82400,84600,84800,82200,568.74K
2017-02-15,84900,85100,85600,84100,320.24K
2017-02-14,84900,84000,85300,83000,426.05K
2017-02-13,84100,85400,85500,83700,396.84K
2017-02-12,85100,85100,85100,85100,0.29K
2017-02-10,85100,85300,86300,84100,790.37K
2017-02-09,85400,81700,85700,81300,1.55M
2017-02-08,79800,78800,79800,77800,268.79K
2017-02-07,78300,77000,79100,77000,173.05K
2017-02-06,77300,78100,78500,77000,168.69K
2017-02-05,78000,78000,78000,78000,0.16K
2017-02-03,78000,78000,78500,77500,175.64K
2017-02-02,77700,79100,80000,77600,285.31K
2017-02-01,78400,78200,78900,78000,196.53K
2017-01-31,77700,77200,79300,76900,260.52K
2017-01-30,77100,77100,77100,77100,0.13K
2017-01-26,77100,76200,77700,76200,240.61K
2017-01-25,76100,78300,79200,76100,549.98K
2017-01-24,78800,79500,79700,78800,177.50K
2017-01-23,79000,80000,80300,78400,338.06K
2017-01-22,80400,80400,80400,80400,0.10K
2017-01-20,80400,81800,82200,80300,284.04K
2017-01-19,82300,80700,82300,80500,245.80K
2017-01-18,81100,82200,82600,80300,183.93K
2017-01-17,81900,82600,83400,81400,228.66K
2017-01-16,82600,84400,84500,82400,203.77K
2017-01-15,83900,83900,83900,83900,0.03K
2017-01-13,83900,81900,84400,81600,480.46K
2017-01-12,81900,83500,83700,81900,251.01K
2017-01-11,83200,82000,83700,81600,270.07K
2017-01-10,82000,82600,83500,81500,326.40K
2017-01-09,82800,84200,84500,82500,234.74K
2017-01-08,83700,83700,83700,83700,0.40K
2017-01-06,83700,84400,84500,82200,408.89K
2017-01-05,84000,85000,86000,84000,610.89K
2017-01-04,84300,80400,85100,80300,1.22M
2017-01-03,80000,77200,80000,77000,444.38K
2017-01-02,76700,77400,77600,76600,142.52K
2017-01-01,77000,77000,77000,77000,0.05K
2016-12-29,77000,75700,77000,75300,200.93K
2016-12-28,75500,75000,75900,74700,200.97K
2016-12-27,74800,75500,75600,74600,236.21K
2016-12-26,75100,75000,75800,75000,131.23K
2016-12-23,75000,75500,75900,74500,267.52K
2016-12-22,74800,76500,76900,74800,274.60K
2016-12-21,76100,77400,77400,76100,204.17K
2016-12-20,76900,78300,79100,76900,174.70K
2016-12-19,78200,77700,79300,77700,150.98K
2016-12-18,77500,77500,77500,77500,0.16K
2016-12-16,77500,78300,78400,77400,140.11K
2016-12-15,78100,78700,79300,77300,179.56K
2016-12-14,78700,79900,81000,78700,280.46K
2016-12-13,79200,79600,79800,78400,190.74K
2016-12-12,79600,80000,80600,78700,314.87K
2016-12-11,79400,79400,79400,79400,-
2016-12-09,79400,76300,79400,76000,290.81K
2016-12-08,76300,75900,77200,75400,199.63K
2016-12-07,75100,74800,75600,74800,115.32K
2016-12-06,75100,75500,76200,74700,133.04K
2016-12-05,74700,74700,76800,74300,191.13K
2016-12-04,75300,75300,75300,75300,0.06K
2016-12-02,75300,76700,77200,75200,189.37K
2016-12-01,76700,77300,78700,76700,187.10K
2016-11-30,77700,79500,79900,77700,249.84K
2016-11-29,79800,79600,81100,79100,193.30K
2016-11-28,79400,81400,81400,79100,212.39K
2016-11-25,81300,80700,81600,80300,168.91K
2016-11-24,80700,81700,82000,80400,173.52K
2016-11-23,81900,81800,82400,80600,273.02K
2016-11-22,81800,79000,82000,79000,343.90K
2016-11-21,79000,80400,80500,78300,186.29K
2016-11-20,80700,80700,80700,80700,0.04K
2016-11-18,80700,80600,81800,80000,279.43K
2016-11-17,81000,80600,81100,79500,239.21K
2016-11-16,80300,76500,80500,76500,565.47K
2016-11-15,76000,75600,77100,75300,184.96K
2016-11-14,75800,77800,78200,75800,259.38K
2016-11-11,77800,79800,79800,76900,432.73K
2016-11-10,79700,75300,79900,75200,1.18M
2016-11-09,71300,74300,74600,69900,528.50K
2016-11-08,74300,74300,74500,73800,142.76K
2016-11-07,73700,73200,74200,73100,155.28K
2016-11-06,73200,73200,73200,73200,0.09K
2016-11-04,73200,71200,74000,71200,280.52K
2016-11-03,71400,70400,72600,70300,383.10K
2016-11-02,71300,74000,74500,71300,638.57K
2016-11-01,74600,75600,76600,74000,386.34K
2016-10-31,76400,79600,79900,76400,495.24K
2016-10-30,79600,79600,79600,79600,0.08K
2016-10-28,79600,80900,81100,79600,297.50K
2016-10-27,81300,80900,81800,80800,122.58K
2016-10-26,80900,82400,82500,80400,189.00K
2016-10-25,82300,80300,82700,80300,304.82K
2016-10-24,80700,81700,81700,80500,149.11K
2016-10-23,80600,80600,80600,80600,0.00K
2016-10-21,80600,81600,81700,80400,191.67K
2016-10-20,81000,82100,82900,81000,278.01K
2016-10-19,81700,81000,82200,80400,245.79K
2016-10-18,80800,80300,80800,79700,168.80K
2016-10-17,80500,79500,81000,79500,159.82K
2016-10-16,79300,79300,79300,79300,0.19K
2016-10-14,79300,79300,79800,79000,147.82K
2016-10-13,79300,80400,80500,79300,202.82K
2016-10-12,80200,81500,81500,79000,533.40K
2016-10-11,81500,82700,82900,81500,255.99K
2016-10-10,82600,83200,83700,82500,144.39K
2016-10-07,83400,85100,85400,83300,242.03K
2016-10-06,85300,85200,86300,84100,387.12K
2016-10-05,85500,82000,85500,81800,727.46K
2016-10-04,81200,81700,82700,81200,350.32K
2016-10-03,81800,81800,81800,81800,0.07K
2016-09-30,81800,83300,84200,81700,372.60K
2016-09-29,82700,82700,82900,82000,235.11K
2016-09-28,82800,83400,83600,82400,165.40K
2016-09-27,83600,82400,84100,81900,162.75K
2016-09-26,82600,83200,83300,82300,176.52K
2016-09-25,83600,83600,83600,83600,0.01K
2016-09-23,83600,84200,84500,83300,264.51K
2016-09-22,84500,83000,84700,82400,369.92K
2016-09-21,82300,82000,82500,81200,195.49K
2016-09-20,82200,80700,83500,80600,491.54K
2016-09-19,80500,80100,80600,79900,150.69K
2016-09-18,80500,80500,80500,80500,0.02K
2016-09-13,80500,80000,80600,79900,167.44K
2016-09-12,79900,80000,80400,79300,173.28K
2016-09-11,80600,80600,80600,80600,0.47K
2016-09-09,80600,80900,81400,80400,258.09K
2016-09-08,81800,80100,81800,80100,295.48K
2016-09-07,80000,80600,80700,79600,268.16K
2016-09-06,81200,81400,82100,80900,219.25K
2016-09-05,81000,81200,82200,80900,262.56K
2016-09-04,81000,81000,81000,81000,-
2016-09-02,81000,81500,82000,80900,269.10K
2016-09-01,82100,81300,82200,80800,333.37K
2016-08-31,81300,80000,81300,79700,341.92K
2016-08-30,80000,79500,80800,79400,292.38K
2016-08-29,79300,80800,80900,79300,476.86K
2016-08-28,81000,81000,81000,81000,0.52K
2016-08-26,81000,80500,81500,80500,253.65K
2016-08-25,81000,82100,83000,81000,343.24K
2016-08-24,82500,81100,83100,80700,695.31K
2016-08-23,80500,82000,83900,80200,859.08K
2016-08-22,82700,84500,84700,82700,446.71K
2016-08-21,84700,84700,84700,84700,0.04K
2016-08-19,84700,86500,86700,84600,597.47K
2016-08-18,86700,88000,88500,86600,432.24K
2016-08-17,88000,88600,89300,88000,341.39K
2016-08-16,88600,89600,89800,88600,377.58K
2016-08-15,89500,89500,89500,89500,0.62K
2016-08-12,89500,91400,91500,89200,760.61K
2016-08-11,91300,93600,94300,91200,457.85K
2016-08-10,92700,93400,93400,92600,297.54K
2016-08-09,92900,91900,93000,91600,287.61K
2016-08-08,91500,92700,92700,91200,198.25K
2016-08-05,92100,92800,93600,92000,208.36K
2016-08-04,92300,93800,93800,92300,266.08K
2016-08-03,93900,90700,94200,90600,415.34K
2016-08-02,91000,91000,91300,90800,121.94K
2016-08-01,91000,91500,91600,90600,232.65K
2016-07-31,90900,90900,90900,90900,-
2016-07-29,90900,91500,91600,90900,234.59K
2016-07-28,91600,91400,92000,90700,219.95K
2016-07-27,91200,91200,92300,91100,191.56K
2016-07-26,91500,92600,92600,91400,222.58K
2016-07-25,92200,93100,93200,92100,175.48K
2016-07-24,92700,92700,92700,92700,0.00K
2016-07-22,92700,92700,94100,92700,187.50K
2016-07-21,92700,94100,94300,92700,182.39K
2016-07-20,93500,93600,94600,93300,128.61K
2016-07-19,93500,93000,93900,93000,130.64K
2016-07-18,93200,94300,94500,93100,196.36K
2016-07-17,94300,94300,94300,94300,0.41K
2016-07-15,94300,95000,95400,94300,197.07K
2016-07-14,94800,95000,95000,94000,148.54K
2016-07-13,94500,96000,96200,94200,228.44K
2016-07-12,95500,95100,95700,95000,247.78K
2016-07-11,95000,94200,95000,93600,182.67K
2016-07-10,93700,93700,93700,93700,0.01K
2016-07-08,93700,94000,94300,93400,223.30K
2016-07-07,95000,94800,95700,94700,191.57K
2016-07-06,94700,93800,94900,92600,270.30K
2016-07-05,93300,93600,94300,92900,186.78K
2016-07-04,93800,95200,95500,93700,188.86K
2016-07-03,94700,94700,94700,94700,-
2016-07-01,94700,93600,95300,93500,280.01K
2016-06-30,93100,93100,93700,92700,163.23K
2016-06-29,92200,92200,93300,92200,235.92K
2016-06-28,91200,91000,92600,90900,275.38K
2016-06-27,91600,88700,91800,88700,321.34K
2016-06-26,91200,91200,91200,91200,0.02K
2016-06-24,91200,94500,94600,88300,710.40K
2016-06-23,93200,93800,94000,92900,185.05K
2016-06-22,94200,93300,94700,93300,138.15K
2016-06-21,93800,95200,95700,93600,182.79K
2016-06-20,94900,91500,94900,91500,300.32K
2016-06-19,91300,91300,91300,91300,0.42K
2016-06-17,91300,91700,92400,90700,251.84K
2016-06-16,91200,93000,93800,90900,346.44K
2016-06-15,92800,93900,94000,92800,247.21K
2016-06-14,94100,93000,95200,93000,280.24K
2016-06-13,93800,94200,94500,93500,259.06K
2016-06-12,94900,94900,94900,94900,1.63K
2016-06-10,94900,95500,96100,94600,392.46K
2016-06-09,95200,97400,97500,94400,847.87K
2016-06-08,97000,97400,98400,96900,327.81K
2016-06-07,98200,97900,98600,97100,276.70K
2016-06-06,98000,98000,98000,98000,0.19K
2016-06-03,98000,97000,98600,96900,321.41K
2016-06-02,97500,99000,99300,96300,554.68K
2016-06-01,98500,102900,103000,98100,1.01M
2016-05-31,102800,102800,103500,102000,330.48K
2016-05-30,102800,101600,103500,101300,319.40K
2016-05-29,100600,100600,100600,100600,0.10K
2016-05-27,100600,100400,101200,99900,148.57K
2016-05-26,99700,99700,100300,98900,183.83K
2016-05-25,99600,99400,100500,99200,227.87K
2016-05-24,99200,100200,100700,99200,171.62K
2016-05-23,100200,100200,101700,100000,170.22K
2016-05-20,99300,99900,100500,98500,321.66K
2016-05-19,100300,104600,105300,99800,395.29K
2016-05-18,104500,104100,104900,103100,206.78K
2016-05-17,105100,104500,106200,104100,199.17K
2016-05-16,105400,103100,106200,102400,244.41K
2016-05-13,103800,105700,105900,103300,259.90K
2016-05-12,106300,104300,107900,104000,558.35K
2016-05-11,105700,101500,106300,100800,716.12K
2016-05-10,100600,101900,102200,99900,208.22K
2016-05-09,101700,99700,102300,99700,251.13K
2016-05-04,100000,100100,100700,99700,133.55K
2016-05-03,99800,99600,100700,99600,108.89K
2016-05-02,99600,99500,100300,99400,129.32K
2016-04-29,100500,100000,100500,99500,143.69K
2016-04-28,100500,103500,103500,100400,243.36K
2016-04-27,102400,102500,103000,101300,166.48K
2016-04-26,101600,105600,105700,101600,343.66K
2016-04-25,104300,100400,104300,100000,394.85K
2016-04-22,99600,101500,101500,99500,265.53K
2016-04-21,101500,103500,103700,101200,195.62K
2016-04-20,103100,102000,103800,102000,251.41K
2016-04-19,102500,102100,102600,101600,219.80K
2016-04-18,102200,101400,102500,100600,259.87K
2016-04-15,101200,101100,101900,100400,179.59K
2016-04-14,100300,102800,102800,100300,361.96K
2016-04-12,100400,99100,101900,99100,459.69K
2016-04-11,97800,99500,99800,97600,199.71K
2016-04-08,98800,97500,98800,96800,207.69K
2016-04-07,98400,97000,98700,97000,223.27K
2016-04-06,96800,96800,97500,96000,318.30K
2016-04-05,96500,99300,99600,96500,484.92K
2016-04-04,99300,99300,100400,98000,476.52K
2016-04-01,101800,99600,103500,99500,365.84K
2016-03-31,99200,100400,100500,98500,534.31K
2016-03-30,100100,100400,101800,99900,349.81K
2016-03-29,100400,100800,101900,99900,314.60K
2016-03-28,100800,101700,102800,100300,383.17K
2016-03-25,102700,106500,107000,102000,453.22K
2016-03-24,107000,106600,107600,106300,140.30K
2016-03-23,106600,108500,110000,106600,338.12K
2016-03-22,109500,108300,109600,106500,384.35K
2016-03-21,109700,112200,112200,107700,380.24K
2016-03-18,112200,113100,113400,111500,198.04K
2016-03-17,112300,111300,112500,110800,284.50K
2016-03-16,109600,111400,112500,108700,387.49K
2016-03-15,111400,112600,113000,110400,311.20K
2016-03-14,112600,112000,113300,111700,343.08K
2016-03-11,111200,110000,111900,108800,379.43K
2016-03-10,110100,107500,111900,107400,616.94K
2016-03-09,107800,106000,108500,105100,338.07K
2016-03-08,106200,106600,107200,104500,341.11K
2016-03-07,105900,104100,107000,104100,563.20K
2016-03-04,103800,102400,104600,101300,561.55K
2016-03-03,101500,97400,101900,96300,631.71K
2016-03-02,97400,95800,97600,95100,413.73K
2016-02-29,94900,95100,95500,94000,212.00K
2016-02-26,94100,94600,95300,94000,175.41K
2016-02-25,94500,95900,96800,93400,293.69K
2016-02-24,95000,96000,96100,94200,349.72K
2016-02-23,96400,93000,97500,92900,724.31K
2016-02-22,92400,93000,93400,91500,284.53K
2016-02-19,92600,91500,93400,91500,299.34K
2016-02-18,92400,94300,94600,92300,363.27K
2016-02-17,92100,93600,95100,92100,380.18K
2016-02-16,94300,93600,95400,92800,382.64K
2016-02-15,92300,93100,95000,90600,705.48K
2016-02-12,92800,99000,100400,92700,982.17K
2016-02-11,100700,104500,104900,100700,733.03K
2016-02-05,108900,108200,112100,107300,372.20K
2016-02-04,109300,109200,109900,108700,144.63K
2016-02-03,109200,107900,109700,107900,218.26K
2016-02-02,108700,110000,110400,108700,225.62K
2016-02-01,109800,110100,110800,109100,192.06K
2016-01-29,109300,110000,110600,108700,246.13K
2016-01-28,109500,109700,109900,107700,245.78K
2016-01-27,109200,113000,113400,108600,533.45K
2016-01-26,112400,113000,113500,111700,152.92K
2016-01-25,113100,113000,114100,112100,202.42K
2016-01-22,112800,111100,113800,111000,242.51K
2016-01-21,111000,111600,112000,110500,322.21K
2016-01-20,112100,114300,114300,111600,290.25K
2016-01-19,114100,115900,116000,111300,562.73K
2016-01-18,116200,117200,118000,115200,411.30K
2016-01-15,118700,120000,120200,118000,256.78K
2016-01-14,118900,118600,119400,117700,284.21K
2016-01-13,119800,117600,120500,117500,563.56K
2016-01-12,116400,116000,118800,115500,379.91K
2016-01-11,114700,114800,120400,114100,545.22K
2016-01-08,115200,115300,115900,113700,398.70K
2016-01-07,117300,118400,120500,116600,341.02K
2016-01-06,119100,118000,121100,117300,542.62K
2016-01-05,117100,114100,117500,113800,316.64K
2016-01-04,115300,117500,117500,115300,296.13K
2015-12-30,115800,113900,117200,113800,364.92K
2015-12-29,113400,111500,113900,111500,282.65K
2015-12-28,110600,112100,112400,110600,322.64K
2015-12-24,110600,111500,111900,110600,191.53K
2015-12-23,111000,112000,112200,110900,165.28K
2015-12-22,111400,112000,112100,111000,199.76K
2015-12-21,112200,112200,112400,111100,115.04K
2015-12-18,112100,110800,112300,109700,134.06K
2015-12-17,111400,113500,113500,111200,136.11K
2015-12-16,111200,109700,112300,109700,189.83K
2015-12-15,108300,108000,109400,107900,276.69K
2015-12-14,108000,110200,111700,108000,345.23K
2015-12-11,112700,113000,114300,112600,190.62K
2015-12-10,112800,115600,115800,112800,322.76K
2015-12-09,116100,117600,118000,116100,169.34K
2015-12-08,117100,118900,119400,116800,248.51K
2015-12-07,118700,119000,120300,118700,271.13K
2015-12-04,118300,119300,121300,118300,289.62K
2015-12-03,120800,116300,121100,116300,517.13K
2015-12-02,119800,121400,123600,119800,591.16K
2015-12-01,119400,120800,121700,118300,624.80K
2015-11-30,120600,126500,131000,119400,2.92M
2015-11-27,116100,113200,117500,112900,547.29K
2015-11-26,112300,112300,113200,112000,191.16K
2015-11-25,112100,113400,113600,111900,241.00K
2015-11-24,112800,113700,113900,112000,329.76K
2015-11-23,114100,115700,116000,113800,235.40K
2015-11-20,115500,115000,116800,114700,180.50K
2015-11-19,115300,114700,115900,113500,182.31K
2015-11-18,114600,114500,116100,113700,222.24K
2015-11-17,114800,116600,116800,114400,234.25K
2015-11-16,115100,117500,118900,115100,326.84K
2015-11-13,119400,117500,119900,117100,366.41K
2015-11-12,119000,114100,120000,114100,841.28K
2015-11-11,111500,111400,113400,111400,183.07K
2015-11-10,111700,113400,114000,110900,356.41K
2015-11-09,115000,119800,120000,114500,320.76K
2015-11-06,119000,119200,120000,118000,304.29K
2015-11-05,120300,115900,120900,115800,945.91K
2015-11-04,114800,111500,114800,111400,305.88K
2015-11-03,111200,111500,112600,110100,247.49K
2015-11-02,111300,112900,113400,110500,282.82K
2015-10-30,113600,114600,115500,113500,148.76K
2015-10-29,114700,115400,116600,114000,219.18K
2015-10-28,114900,113900,115200,113000,322.73K
2015-10-27,113200,113500,114100,112400,223.61K
2015-10-26,114000,114700,115500,113100,192.75K
2015-10-23,114400,113000,114400,112600,231.47K
2015-10-22,112200,115100,115100,112000,424.76K
2015-10-21,115400,116100,117300,115100,260.68K
2015-10-20,116000,114300,117900,114300,346.17K
2015-10-19,115400,115100,116200,111800,518.67K
2015-10-16,115100,115900,116900,114600,461.40K
2015-10-15,116000,120900,121100,115500,1.20M
2015-10-14,121900,120900,122200,120400,251.90K
2015-10-13,121100,121800,123400,121100,341.53K
2015-10-12,122200,123400,124300,122100,365.38K
2015-10-08,123300,125500,127200,122900,443.15K
2015-10-07,125900,125800,127000,124500,344.64K
2015-10-06,127200,130200,131200,127000,343.76K
2015-10-05,129800,130500,130900,128500,325.23K
2015-10-02,130000,130000,131400,128200,563.85K
2015-10-01,127400,127700,133400,125500,1.15M
2015-09-30,125900,123300,127200,123000,500.12K
2015-09-25,123000,122000,123400,122000,163.07K
2015-09-24,122900,124400,124500,122700,173.21K
2015-09-23,123400,123500,125400,123300,226.73K
2015-09-22,124200,125000,125200,123800,172.88K
2015-09-21,124700,124100,125000,122700,222.74K
2015-09-18,125500,125700,127900,124700,381.95K
2015-09-17,125100,127200,127400,124300,301.62K
2015-09-16,126200,124600,126200,124000,347.44K
2015-09-15,122700,122500,123500,121800,203.13K
2015-09-14,122000,125000,126600,120700,408.09K
2015-09-11,124200,125800,125900,124200,290.47K
2015-09-10,125000,124800,126000,123900,241.50K
2015-09-09,126900,125000,127300,124500,294.85K
2015-09-08,122600,124400,125400,121500,316.62K
2015-09-07,124000,125400,126800,124000,248.75K
2015-09-04,124700,129600,131300,124700,400.21K
2015-09-03,129400,130300,133300,129000,381.71K
2015-09-02,128100,127600,129500,126300,532.97K
2015-09-01,130500,134000,136000,130500,383.69K
